Category,Subcategory,Services and Functions,Source,Grant/ loan,Budget (In '000)
GENERAL PUBLIC SERVICES,"Executive and legislative organs, financial, fiscal affairs and external",President,Government,,411742
GENERAL PUBLIC SERVICES,"Executive and legislative organs, financial, fiscal affairs and external",President,Foreign,Grant,0
GENERAL PUBLIC SERVICES,"Executive and legislative organs, financial, fiscal affairs and external",President,Foreign,Loan,0
GENERAL PUBLIC SERVICES,"Executive and legislative organs, financial, fiscal affairs and external",Deputy President,Government,,29230
GENERAL PUBLIC SERVICES,"Executive and legislative organs, financial, fiscal affairs and external",Deputy President,Foreign,Grant,0
GENERAL PUBLIC SERVICES,"Executive and legislative organs, financial, fiscal affairs and external",Deputy President,Foreign,Loan,0
GENERAL PUBLIC SERVICES,"Executive and legislative organs, financial, fiscal affairs and external",Constituent Assembly / Legislature - Parliament,Government,,1270644
GENERAL PUBLIC SERVICES,"Executive and legislative organs, financial, fiscal affairs and external",Constituent Assembly / Legislature - Parliament,Foreign,Grant,0
GENERAL PUBLIC SERVICES,"Executive and legislative organs, financial, fiscal affairs and external",Constituent Assembly / Legislature - Parliament,Foreign,Loan,0
GENERAL PUBLIC SERVICES,"Executive and legislative organs, financial, fiscal affairs and external",Commission for Investigation of Abuse of Authority,Government,,794924
GENERAL PUBLIC SERVICES,"Executive and legislative organs, financial, fiscal affairs and external",Commission for Investigation of Abuse of Authority,Foreign,Grant,0
GENERAL PUBLIC SERVICES,"Executive and legislative organs, financial, fiscal affairs and external",Commission for Investigation of Abuse of Authority,Foreign,Loan,0
GENERAL PUBLIC SERVICES,"Executive and legislative organs, financial, fiscal affairs and external",Office of the Auditor General,Government,,407576
GENERAL PUBLIC SERVICES,"Executive and legislative organs, financial, fiscal affairs and external",Office of the Auditor General,Foreign,Grant,108812
GENERAL PUBLIC SERVICES,"Executive and legislative organs, financial, fiscal affairs and external",Office of the Auditor General,Foreign,Loan,0
GENERAL PUBLIC SERVICES,"Executive and legislative organs, financial, fiscal affairs and external",Prime Minister and Council of Minister's Office,Government,,507359
GENERAL PUBLIC SERVICES,"Executive and legislative organs, financial, fiscal affairs and external",Prime Minister and Council of Minister's Office,Foreign,Grant,3513817
GENERAL PUBLIC SERVICES,"Executive and legislative organs, financial, fiscal affairs and external",Prime Minister and Council of Minister's Office,Foreign,Loan,0
GENERAL PUBLIC SERVICES,"Executive and legislative organs, financial, fiscal affairs and external",Ministry of Finance,Government,,5899124
GENERAL PUBLIC SERVICES,"Executive and legislative organs, financial, fiscal affairs and external",Ministry of Finance,Foreign,Grant,566357
GENERAL PUBLIC SERVICES,"Executive and legislative organs, financial, fiscal affairs and external",Ministry of Finance,Foreign,Loan,0
GENERAL PUBLIC SERVICES,"Executive and legislative organs, financial, fiscal affairs and external",Ministry of Foreign Affairs,Government,,2847949
GENERAL PUBLIC SERVICES,"Executive and legislative organs, financial, fiscal affairs and external",Ministry of Foreign Affairs,Foreign,Grant,0
GENERAL PUBLIC SERVICES,"Executive and legislative organs, financial, fiscal affairs and external",Ministry of Foreign Affairs,Foreign,Loan,0
GENERAL PUBLIC SERVICES,"Executive and legislative organs, financial, fiscal affairs and external",MInistry of Urban Development,Government,,76594
GENERAL PUBLIC SERVICES,"Executive and legislative organs, financial, fiscal affairs and external",MInistry of Urban Development,Foreign,Grant,0
GENERAL PUBLIC SERVICES,"Executive and legislative organs, financial, fiscal affairs and external",MInistry of Urban Development,Foreign,Loan,0
GENERAL PUBLIC SERVICES,"Executive and legislative organs, financial, fiscal affairs and external",Ministry of Cooperative and poverty Alleviation,Government,,155773
GENERAL PUBLIC SERVICES,"Executive and legislative organs, financial, fiscal affairs and external",Ministry of Cooperative and poverty Alleviation,Foreign,Grant,0
GENERAL PUBLIC SERVICES,"Executive and legislative organs, financial, fiscal affairs and external",Ministry of Cooperative and poverty Alleviation,Foreign,Loan,0
GENERAL PUBLIC SERVICES,"Executive and legislative organs, financial, fiscal affairs and external",Ministry of General Administration,Government,,55265
GENERAL PUBLIC SERVICES,"Executive and legislative organs, financial, fiscal affairs and external",Ministry of General Administration,Foreign,Grant,0
GENERAL PUBLIC SERVICES,"Executive and legislative organs, financial, fiscal affairs and external",Ministry of General Administration,Foreign,Loan,0
GENERAL PUBLIC SERVICES,"Executive and legislative organs, financial, fiscal affairs and external",Ministry of Federal Affairs and Local Development,Government,,149244
GENERAL PUBLIC SERVICES,"Executive and legislative organs, financial, fiscal affairs and external",Ministry of Federal Affairs and Local Development,Foreign,Grant,723450
GENERAL PUBLIC SERVICES,"Executive and legislative organs, financial, fiscal affairs and external",Ministry of Federal Affairs and Local Development,Foreign,Loan,0
GENERAL PUBLIC SERVICES,"Executive and legislative organs, financial, fiscal affairs and external",MOF Policy Financing,Government,,3200000
GENERAL PUBLIC SERVICES,"Executive and legislative organs, financial, fiscal affairs and external",MOF Policy Financing,Foreign,Grant,0
GENERAL PUBLIC SERVICES,"Executive and legislative organs, financial, fiscal affairs and external",MOF Policy Financing,Foreign,Loan,0
GENERAL PUBLIC SERVICES,"Executive and legislative organs, financial, fiscal affairs and external",MOF External Debt Service (Multilateral),Government,,20526029
GENERAL PUBLIC SERVICES,"Executive and legislative organs, financial, fiscal affairs and external",MOF External Debt Service (Multilateral),Foreign,Grant,0
GENERAL PUBLIC SERVICES,"Executive and legislative organs, financial, fiscal affairs and external",MOF External Debt Service (Multilateral),Foreign,Loan,0
GENERAL PUBLIC SERVICES,"Executive and legislative organs, financial, fiscal affairs and external",MOF External Debt Service (Bilateral),Government,,4597586
GENERAL PUBLIC SERVICES,"Executive and legislative organs, financial, fiscal affairs and external",MOF External Debt Service (Bilateral),Foreign,Grant,0
GENERAL PUBLIC SERVICES,"Executive and legislative organs, financial, fiscal affairs and external",MOF External Debt Service (Bilateral),Foreign,Loan,0
GENERAL PUBLIC SERVICES,"Executive and legislative organs, financial, fiscal affairs and external",MOF Staff Benifits and Retirement Benefits,Government,,51125643
GENERAL PUBLIC SERVICES,"Executive and legislative organs, financial, fiscal affairs and external",MOF Staff Benifits and Retirement Benefits,Foreign,Grant,0
GENERAL PUBLIC SERVICES,"Executive and legislative organs, financial, fiscal affairs and external",MOF Staff Benifits and Retirement Benefits,Foreign,Loan,0
GENERAL PUBLIC SERVICES,"Executive and legislative organs, financial, fiscal affairs and external",MOF Miscellaneous,Government,,21781549
GENERAL PUBLIC SERVICES,"Executive and legislative organs, financial, fiscal affairs and external",MOF Miscellaneous,Foreign,Grant,0
GENERAL PUBLIC SERVICES,"Executive and legislative organs, financial, fiscal affairs and external",MOF Miscellaneous,Foreign,Loan,0
GENERAL PUBLIC SERVICES,General services,Public Service Commission,Government,,460562
GENERAL PUBLIC SERVICES,General services,Public Service Commission,Foreign,Grant,0
GENERAL PUBLIC SERVICES,General services,Public Service Commission,Foreign,Loan,0
GENERAL PUBLIC SERVICES,General services,Ministry of Finance,Government,,76827
GENERAL PUBLIC SERVICES,General services,Ministry of Finance,Foreign,Grant,532659
GENERAL PUBLIC SERVICES,General services,Ministry of Finance,Foreign,Loan,0
GENERAL PUBLIC SERVICES,General services,Ministry of Home,Government,,9338410
GENERAL PUBLIC SERVICES,General services,Ministry of Home,Foreign,Grant,0
GENERAL PUBLIC SERVICES,General services,Ministry of Home,Foreign,Loan,0
GENERAL PUBLIC SERVICES,General services,"Ministry of Culture, Tourism and Civil Aviation",Government,,28898
GENERAL PUBLIC SERVICES,General services,"Ministry of Culture, Tourism and Civil Aviation",Foreign,Grant,234399
GENERAL PUBLIC SERVICES,General services,"Ministry of Culture, Tourism and Civil Aviation",Foreign,Loan,0
GENERAL PUBLIC SERVICES,General services,Ministry of Foreign Affairs,Government,,448379
GENERAL PUBLIC SERVICES,General services,Ministry of Foreign Affairs,Foreign,Grant,0
GENERAL PUBLIC SERVICES,General services,Ministry of Foreign Affairs,Foreign,Loan,0
GENERAL PUBLIC SERVICES,General services,Ministry of Physical Infrastructure and Transport,Government,,
GENERAL PUBLIC SERVICES,General services,MInistry of Urban Development,Foreign,Grant,18037
GENERAL PUBLIC SERVICES,General services,MInistry of Urban Development,Foreign,Loan,517753
GENERAL PUBLIC SERVICES,General services,MInistry of Urban Development,Government,,61283
GENERAL PUBLIC SERVICES,General services,Ministry of General Administration,Foreign,Grant,728532
GENERAL PUBLIC SERVICES,General services,Ministry of General Administration,Foreign,Loan,0
GENERAL PUBLIC SERVICES,General services,Ministry of General Administration,Government,,0
GENERAL PUBLIC SERVICES,General services,National Planning Commission Secreterate,Foreign,Grant,801924
GENERAL PUBLIC SERVICES,General services,National Planning Commission Secreterate,Foreign,Loan,7600
GENERAL PUBLIC SERVICES,General services,National Planning Commission Secreterate,Government,,0
GENERAL PUBLIC SERVICES,R&D General public services,Prime Minister and Council of Minister's Office,Foreign,Grant,
GENERAL PUBLIC SERVICES,R&D General public services,Ministry of Finance,Foreign,Loan,16840
GENERAL PUBLIC SERVICES,R&D General public services,Ministry of Finance,Government,,0
GENERAL PUBLIC SERVICES,R&D General public services,Ministry of Finance,Foreign,Grant,0
GENERAL PUBLIC SERVICES,General public services n.e.c.,Election Commission,Foreign,Loan,398060
GENERAL PUBLIC SERVICES,General public services n.e.c.,Election Commission,Government,,0
GENERAL PUBLIC SERVICES,General public services n.e.c.,Election Commission,Foreign,Grant,0
GENERAL PUBLIC SERVICES,General public services n.e.c.,National Human Rights Commission,Foreign,Loan,120170
GENERAL PUBLIC SERVICES,General public services n.e.c.,National Human Rights Commission,Government,,0
GENERAL PUBLIC SERVICES,General public services n.e.c.,National Human Rights Commission,Foreign,Grant,0
GENERAL PUBLIC SERVICES,General public services n.e.c.,Ministry of Home,Foreign,Loan,60699
GENERAL PUBLIC SERVICES,General public services n.e.c.,Ministry of Home,Government,,0
GENERAL PUBLIC SERVICES,General public services n.e.c.,Ministry of Home,Foreign,Grant,0
GENERAL PUBLIC SERVICES,General public services n.e.c.,Ministry of Physical Infrastructure and Transport,Foreign,Loan,108341
GENERAL PUBLIC SERVICES,General public services n.e.c.,Ministry of Physical Infrastructure and Transport,Government,,0
GENERAL PUBLIC SERVICES,General public services n.e.c.,Ministry of Physical Infrastructure and Transport,Foreign,Grant,0
GENERAL PUBLIC SERVICES,General public services n.e.c.,Ministry of Peace & Reconstruction,Foreign,Loan,500000
GENERAL PUBLIC SERVICES,General public services n.e.c.,Ministry of Peace & Reconstruction,Government,,0
GENERAL PUBLIC SERVICES,General public services n.e.c.,Ministry of Peace & Reconstruction,Foreign,Grant,0
GENERAL PUBLIC SERVICES,General public services n.e.c.,Ministry of Federal Affairs and Local Development,Foreign,Loan,3085576
GENERAL PUBLIC SERVICES,General public services n.e.c.,Ministry of Federal Affairs and Local Development,Government,,0
GENERAL PUBLIC SERVICES,General public services n.e.c.,Ministry of Federal Affairs and Local Development,Foreign,Grant,0
GENERAL PUBLIC SERVICES,General public services n.e.c.,MOF Policy Financing,Foreign,Loan,0
GENERAL PUBLIC SERVICES,General public services n.e.c.,MOF Policy Financing,Government,,0
GENERAL PUBLIC SERVICES,General public services n.e.c.,MOF Policy Financing,Foreign,Grant,178376
GENERAL PUBLIC SERVICES,Public debt transactions,MOF Policy Financing,Foreign,Loan,2000000
GENERAL PUBLIC SERVICES,Public debt transactions,MOF Policy Financing,Government,,0
GENERAL PUBLIC SERVICES,Public debt transactions,MOF Policy Financing,Foreign,Grant,0
GENERAL PUBLIC SERVICES,Public debt transactions,MOF Domestic Debt Service,Foreign,Loan,51052542
GENERAL PUBLIC SERVICES,Public debt transactions,MOF Domestic Debt Service,Government,,0
GENERAL PUBLIC SERVICES,Public debt transactions,MOF Domestic Debt Service,Foreign,Grant,0
GENERAL PUBLIC SERVICES,Transfers of a general character between levels of government,Ministry of Federal Affairs and Local Development,Foreign,Loan,14191630
GENERAL PUBLIC SERVICES,Transfers of a general character between levels of government,Ministry of Federal Affairs and Local Development,Government,,1162000
GENERAL PUBLIC SERVICES,Transfers of a general character between levels of government,Ministry of Federal Affairs and Local Development,Foreign,Grant,0
DEFENCE,Military Defence,Military defence,Foreign,Loan,28721098
DEFENCE,Military Defence,Military defence,Government,,0
DEFENCE,Military Defence,Military defence,Foreign,Grant,0
DEFENCE,Military Defence,Ministry of Industry,Foreign,Loan,350000
DEFENCE,Military Defence,Ministry of Industry,Government,,0
DEFENCE,Military Defence,Ministry of Industry,Foreign,Grant,0
DEFENCE,Civil defence,Ministry of Defence,Foreign,Loan,28371098
DEFENCE,Civil defence,Ministry of Defence,Government,,0
DEFENCE,Civil defence,Ministry of Defence,Foreign,Grant,0
DEFENCE,Civil defence,Ministry of Home,Foreign,Loan,0
DEFENCE,Civil defence,Ministry of Home,Government,,77000
DEFENCE,Civil defence,Ministry of Home,Foreign,Grant,0
DEFENCE,Defence n.e.c.,MOF Policy Financing,Foreign,Loan,0
DEFENCE,Defence n.e.c.,MOF Policy Financing,Government,,152790
DEFENCE,Defence n.e.c.,MOF Policy Financing,Foreign,Grant,2369000
Public  of secutrity,Police services,MInistry of Urban Development,Foreign,Loan,38740
Public  of secutrity,Police services,MInistry of Urban Development,Government,,0
Public  of secutrity,Police services,MInistry of Urban Development,Foreign,Grant,0
Public  of secutrity,Fire-protection services,Ministry of Home,Foreign,Loan,21327419
Public  of secutrity,Fire-protection services,Ministry of Home,Government,,0
Public  of secutrity,Fire-protection services,Ministry of Home,Foreign,Grant,0
Public  of secutrity,Law courts,Ministry of Home,Foreign,Loan,6011
Public  of secutrity,Law courts,Ministry of Home,Government,,0
Public  of secutrity,Law courts,Ministry of Home,Foreign,Grant,0
Public  of secutrity,Law courts,Courts,Foreign,Loan,3521046
Public  of secutrity,Law courts,Courts,Government,,0
Public  of secutrity,Law courts,Courts,Foreign,Grant,0
Public  of secutrity,Law courts,Office of the Attorney General,Foreign,Loan,573444
Public  of secutrity,Law courts,Office of the Attorney General,Government,,0
Public  of secutrity,Law courts,Office of the Attorney General,Foreign,Grant,0
Public  of secutrity,Law courts,Council of Justice,Foreign,Loan,38256
Public  of secutrity,Law courts,Council of Justice,Government,,0
Public  of secutrity,Law courts,Council of Justice,Foreign,Grant,0
Public  of secutrity,Law courts,"Ministry of Law, Justice, Constituent Assembly and Parliamentary Affairs",Foreign,Loan,135394
Public  of secutrity,Law courts,"Ministry of Law, Justice, Constituent Assembly and Parliamentary Affairs",Government,,0
Public  of secutrity,Law courts,"Ministry of Law, Justice, Constituent Assembly and Parliamentary Affairs",Foreign,Grant,0
Public  of secutrity,Law courts,Ministry of Labour and Employment,Foreign,Loan,9548
Public  of secutrity,Law courts,Ministry of Labour and Employment,Government,,0
Public  of secutrity,Law courts,Ministry of Labour and Employment,Foreign,Grant,0
Public  of secutrity,Prisons,Ministry of Home,Foreign,Loan,1016798
Public  of secutrity,Prisons,Ministry of Home,Government,,0
Public  of secutrity,Prisons,Ministry of Home,Foreign,Grant,0
Public  of secutrity,Public order and safety n.e.c.,Prime Minister and Council of Minister's Office,Foreign,Loan,413633
Public  of secutrity,Public order and safety n.e.c.,Prime Minister and Council of Minister's Office,Government,,860000
Public  of secutrity,Public order and safety n.e.c.,Prime Minister and Council of Minister's Office,Foreign,Grant,0
Public  of secutrity,Public order and safety n.e.c.,Ministry of Home,Foreign,Loan,2572011
Public  of secutrity,Public order and safety n.e.c.,Ministry of Home,Government,,0
Public  of secutrity,Public order and safety n.e.c.,Ministry of Home,Foreign,Grant,0
Public  of secutrity,Public order and safety n.e.c.,Ministry of Peace & Reconstruction,Foreign,Loan,2255178
Public  of secutrity,Public order and safety n.e.c.,Ministry of Peace & Reconstruction,Government,,1740000
Public  of secutrity,Public order and safety n.e.c.,Ministry of Peace & Reconstruction,Foreign,Grant,0
Economic affairs ,"General economic, commercial and labour affairs",Prime Minister and Council of Minister's Office,Foreign,Loan,133985
Economic affairs ,"General economic, commercial and labour affairs",Prime Minister and Council of Minister's Office,Government,,0
Economic affairs ,"General economic, commercial and labour affairs",Prime Minister and Council of Minister's Office,Foreign,Grant,0
Economic affairs ,"General economic, commercial and labour affairs",Ministry of Commerce and Supply,Foreign,Loan,692451
Economic affairs ,"General economic, commercial and labour affairs",Ministry of Commerce and Supply,Government,,495928
Economic affairs ,"General economic, commercial and labour affairs",Ministry of Commerce and Supply,Foreign,Grant,117244
Economic affairs ,"General economic, commercial and labour affairs",Ministry of Cooperative and poverty Alleviation,Foreign,Loan,109470
Economic affairs ,"General economic, commercial and labour affairs",Ministry of Cooperative and poverty Alleviation,Government,,0
Economic affairs ,"General economic, commercial and labour affairs",Ministry of Cooperative and poverty Alleviation,Foreign,Grant,396134
Economic affairs ,"General economic, commercial and labour affairs",Ministry of Federal Affairs and Local Development,Foreign,Loan,3420555
Economic affairs ,"General economic, commercial and labour affairs",Ministry of Federal Affairs and Local Development,Government,,4860086
Economic affairs ,"General economic, commercial and labour affairs",Ministry of Federal Affairs and Local Development,Foreign,Grant,1345787
Economic affairs ,"General economic, commercial and labour affairs",Ministry of Labour and Employment,Foreign,Loan,477079
Economic affairs ,"General economic, commercial and labour affairs",Ministry of Labour and Employment,Government,,345751
Economic affairs ,"General economic, commercial and labour affairs",Ministry of Labour and Employment,Foreign,Grant,0
Economic affairs ,"Agriculture, forestry, fishing and hunting",Ministry of Finance,Foreign,Loan,1000000
Economic affairs ,"Agriculture, forestry, fishing and hunting",Ministry of Finance,Government,,0
Economic affairs ,"Agriculture, forestry, fishing and hunting",Ministry of Finance,Foreign,Grant,0
Economic affairs ,"Agriculture, forestry, fishing and hunting",Ministry of Agriculture Development,Foreign,Loan,16896206
Economic affairs ,"Agriculture, forestry, fishing and hunting",Ministry of Agriculture Development,Government,,5330518
Economic affairs ,"Agriculture, forestry, fishing and hunting",Ministry of Agriculture Development,Foreign,Grant,1009022
Economic affairs ,"Agriculture, forestry, fishing and hunting",Ministry of Forestry and Soil Conservation,Foreign,Loan,7296827
Economic affairs ,"Agriculture, forestry, fishing and hunting",Ministry of Forestry and Soil Conservation,Government,,2198068
Economic affairs ,"Agriculture, forestry, fishing and hunting",Ministry of Forestry and Soil Conservation,Foreign,Grant,1348
Economic affairs ,"Agriculture, forestry, fishing and hunting",Ministry of Land Reforms and Management,Foreign,Loan,3412418
Economic affairs ,"Agriculture, forestry, fishing and hunting",Ministry of Land Reforms and Management,Government,,0
Economic affairs ,"Agriculture, forestry, fishing and hunting",Ministry of Land Reforms and Management,Foreign,Grant,0
Economic affairs ,"Agriculture, forestry, fishing and hunting",Ministry of Cooperative and poverty Alleviation,Foreign,Loan,477911
Economic affairs ,"Agriculture, forestry, fishing and hunting",Ministry of Cooperative and poverty Alleviation,Government,,0
Economic affairs ,"Agriculture, forestry, fishing and hunting",Ministry of Cooperative and poverty Alleviation,Foreign,Grant,0
Economic affairs ,"Agriculture, forestry, fishing and hunting",Ministry of Irrigation,Foreign,Loan,10458013
Economic affairs ,"Agriculture, forestry, fishing and hunting",Ministry of Irrigation,Government,,818935
Economic affairs ,"Agriculture, forestry, fishing and hunting",Ministry of Irrigation,Foreign,Grant,2695359
Economic affairs ,"Agriculture, forestry, fishing and hunting",Ministry of Federal Affairs and Local Development,Foreign,Loan,636197
Economic affairs ,"Agriculture, forestry, fishing and hunting",Ministry of Federal Affairs and Local Development,Government,,737108
Economic affairs ,"Agriculture, forestry, fishing and hunting",Ministry of Federal Affairs and Local Development,Foreign,Grant,0
Economic affairs ,"Agriculture, forestry, fishing and hunting",MOF Policy Financing,Foreign,Loan,1000000
Economic affairs ,"Agriculture, forestry, fishing and hunting",MOF Policy Financing,Government,,0
Economic affairs ,"Agriculture, forestry, fishing and hunting",MOF Policy Financing,Foreign,Grant,0
Economic affairs ,Fuel and energy,Ministry of Industry,Foreign,Loan,40439
Economic affairs ,Fuel and energy,Ministry of Industry,Government,,0
Economic affairs ,Fuel and energy,Ministry of Industry,Foreign,Grant,0
Economic affairs ,Fuel and energy,Ministry of Energy,Foreign,Loan,1749401
Economic affairs ,Fuel and energy,Ministry of Energy,Government,,569035
Economic affairs ,Fuel and energy,Ministry of Energy,Foreign,Grant,157250
Economic affairs ,Fuel and energy,Ministry of Science Technology and Environment,Foreign,Loan,1553791
Economic affairs ,Fuel and energy,Ministry of Science Technology and Environment,Government,,2358784
Economic affairs ,Fuel and energy,Ministry of Science Technology and Environment,Foreign,Grant,0
Economic affairs ,Fuel and energy,MOF Policy Financing,Foreign,Loan,10811500
Economic affairs ,Fuel and energy,MOF Policy Financing,Government,,2909818
Economic affairs ,Fuel and energy,MOF Policy Financing,Foreign,Grant,17072500
Economic affairs ,"Mining, manufacturing and construction",Ministry of Industry,Foreign,Loan,80194
Economic affairs ,"Mining, manufacturing and construction",Ministry of Industry,Government,,0
Economic affairs ,"Mining, manufacturing and construction",Ministry of Industry,Foreign,Grant,0
Economic affairs ,"Mining, manufacturing and construction",Ministry of Physical Infrastructure and Transport,Foreign,Loan,1750000
Economic affairs ,"Mining, manufacturing and construction",Ministry of Physical Infrastructure and Transport,Government,,850000
Economic affairs ,"Mining, manufacturing and construction",Ministry of Physical Infrastructure and Transport,Foreign,Grant,0
Economic affairs ,Transport,"Ministry of Culture, Tourism and Civil Aviation",Foreign,Loan,500000
Economic affairs ,Transport,"Ministry of Culture, Tourism and Civil Aviation",Government,,0
Economic affairs ,Transport,"Ministry of Culture, Tourism and Civil Aviation",Foreign,Grant,0
Economic affairs ,Transport,Ministry of Physical Infrastructure and Transport,Foreign,Loan,25657288
Economic affairs ,Transport,Ministry of Physical Infrastructure and Transport,Government,,5889442
Economic affairs ,Transport,Ministry of Physical Infrastructure and Transport,Foreign,Grant,6866046
Economic affairs ,Transport,MInistry of Urban Development,Foreign,Loan,757291
Economic affairs ,Transport,MInistry of Urban Development,Government,,0
Economic affairs ,Transport,MInistry of Urban Development,Foreign,Grant,0
Economic affairs ,Transport,Ministry of Federal Affairs and Local Development,Foreign,Loan,4151941
Economic affairs ,Transport,Ministry of Federal Affairs and Local Development,Government,,5242291
Economic affairs ,Transport,Ministry of Federal Affairs and Local Development,Foreign,Grant,20000
Economic affairs ,Transport,MOF Policy Financing,Foreign,Loan,2070000
Economic affairs ,Transport,MOF Policy Financing,Government,,0
Economic affairs ,Transport,MOF Policy Financing,Foreign,Grant,0
Economic affairs ,Communication,Ministry of Science Technology and Environment,Foreign,Loan,447074
Economic affairs ,Communication,Ministry of Science Technology and Environment,Government,,0
Economic affairs ,Communication,Ministry of Science Technology and Environment,Foreign,Grant,0
Economic affairs ,Communication,Ministry of Information and Communications,Foreign,Loan,3406354
Economic affairs ,Communication,Ministry of Information and Communications,Government,,162268
Economic affairs ,Communication,Ministry of Information and Communications,Foreign,Grant,0
Economic affairs ,Communication,MOF Policy Financing,Foreign,Loan,240000
Economic affairs ,Communication,MOF Policy Financing,Government,,0
Economic affairs ,Communication,MOF Policy Financing,Foreign,Grant,0
Economic affairs ,Other industries,Ministry of Industry,Foreign,Loan,2291292
Economic affairs ,Other industries,Ministry of Industry,Government,,723100
Economic affairs ,Other industries,Ministry of Industry,Foreign,Grant,0
Economic affairs ,Other industries,Ministry of Agriculture Development,Foreign,Loan,47432
Economic affairs ,Other industries,Ministry of Agriculture Development,Government,,0
Economic affairs ,Other industries,Ministry of Agriculture Development,Foreign,Grant,0
Economic affairs ,Other industries,"Ministry of Culture, Tourism and Civil Aviation",Foreign,Loan,1059850
Economic affairs ,Other industries,"Ministry of Culture, Tourism and Civil Aviation",Government,,227700
Economic affairs ,Other industries,"Ministry of Culture, Tourism and Civil Aviation",Foreign,Grant,0
Economic affairs ,Other industries,Ministry of Forestry and Soil Conservation,Foreign,Loan,37894
Economic affairs ,Other industries,Ministry of Forestry and Soil Conservation,Government,,0
Economic affairs ,Other industries,Ministry of Forestry and Soil Conservation,Foreign,Grant,0
Economic affairs ,Other industries,MOF Policy Financing,Foreign,Loan,0
Economic affairs ,Other industries,MOF Policy Financing,Government,,30000
Economic affairs ,Other industries,MOF Policy Financing,Foreign,Grant,1959695
Economic affairs ,R&D Economic affairs,Ministry of Energy,Foreign,Loan,1402131
Economic affairs ,R&D Economic affairs,Ministry of Energy,Government,,0
Economic affairs ,R&D Economic affairs,Ministry of Energy,Foreign,Grant,0
Economic affairs ,R&D Economic affairs,Ministry of Irrigation,Foreign,Loan,46289
Economic affairs ,R&D Economic affairs,Ministry of Irrigation,Government,,261177
Economic affairs ,R&D Economic affairs,Ministry of Irrigation,Foreign,Grant,0
Economic affairs ,R&D Economic affairs,Ministry of Finance,Foreign,Loan,106179
Economic affairs ,R&D Economic affairs,Ministry of Finance,Government,,500
Economic affairs ,R&D Economic affairs,Ministry of Finance,Foreign,Grant,0
Economic affairs ,R&D Economic affairs,MOF Policy Financing,Foreign,Loan,0
Economic affairs ,R&D Economic affairs,MOF Policy Financing,Government,,0
Economic affairs ,R&D Economic affairs,MOF Policy Financing,Foreign,Grant,330000
Economic affairs ,R&D Economic affairs,MInistry of Urban Development,Foreign,Loan,173076
Economic affairs ,R&D Economic affairs,MInistry of Urban Development,Government,,0
Economic affairs ,R&D Economic affairs,MInistry of Urban Development,Foreign,Grant,0
Environmental protection,Waste management,MOF Policy Financing,Foreign,Loan,952800
Environmental protection,Waste management,MOF Policy Financing,Government,,0
Environmental protection,Waste management,MOF Policy Financing,Foreign,Grant,1554200
Environmental protection,Waste management,MInistry of Urban Development,Foreign,Loan,46695
Environmental protection,Waste management,MInistry of Urban Development,Government,,127500
Environmental protection,Waste management,MInistry of Urban Development,Foreign,Grant,0
Environmental protection,Waste water management,Ministry of Irrigation,Foreign,Loan,400164
Environmental protection,Waste water management,Ministry of Irrigation,Government,,0
Environmental protection,Waste water management,Ministry of Irrigation,Foreign,Grant,1500000
Environmental protection,Waste water management,Ministry of Forestry and Soil Conservation,Foreign,Loan,0
Environmental protection,Waste water management,Ministry of Forestry and Soil Conservation,Government,,17500
Environmental protection,Waste water management,Ministry of Forestry and Soil Conservation,Foreign,Grant,0
Environmental protection,Protection of biodiversity and landscape,MOF Policy Financing,Foreign,Loan,206500
Environmental protection,Protection of biodiversity and landscape,MOF Policy Financing,Government,,0
Environmental protection,Protection of biodiversity and landscape,MOF Policy Financing,Foreign,Grant,598500
Environmental protection,R&D Environmental protection,Ministry of Forestry and Soil Conservation,Foreign,Loan,25606
Environmental protection,R&D Environmental protection,Ministry of Forestry and Soil Conservation,Government,,204489
Environmental protection,R&D Environmental protection,Ministry of Forestry and Soil Conservation,Foreign,Grant,0
Environmental protection,Environmental protection n.e.c.,Ministry of Science Technology and Environment,Foreign,Loan,527413
Environmental protection,Environmental protection n.e.c.,Ministry of Science Technology and Environment,Government,,1358310
Environmental protection,Environmental protection n.e.c.,Ministry of Science Technology and Environment,Foreign,Grant,197500
Environmental protection,Environmental protection n.e.c.,MInistry of Urban Development,Foreign,Loan,594607
Environmental protection,Environmental protection n.e.c.,MInistry of Urban Development,Government,,463761
Environmental protection,Environmental protection n.e.c.,MInistry of Urban Development,Foreign,Grant,1842747
Environmental protection,Environmental protection n.e.c.,Ministry of Federal Affairs and Local Development,Foreign,Loan,
Environmental protection,Environmental protection n.e.c.,MInistry of Urban Development,Government,,2668476
Environmental protection,Environmental protection n.e.c.,MInistry of Urban Development,Foreign,Grant,874903
Environmental protection,Environmental protection n.e.c.,MInistry of Urban Development,Foreign,Loan,0
Housing and community  amenities,Housing development,MOF Policy Financing,Government,,400000
Housing and community  amenities,Housing development,MOF Policy Financing,Foreign,Grant,0
Housing and community  amenities,Housing development,MOF Policy Financing,Foreign,Loan,101300
Housing and community  amenities,Housing development,MInistry of Urban Development,Government,,0
Housing and community  amenities,Housing development,MInistry of Urban Development,Foreign,Grant,64911
Housing and community  amenities,Housing development,MInistry of Urban Development,Foreign,Loan,0
Housing and community  amenities,Community development,Ministry of Federal Affairs and Local Development,Government,,239575
Housing and community  amenities,Community development,Ministry of Federal Affairs and Local Development,Foreign,Grant,1701204
Housing and community  amenities,Community development,Ministry of Federal Affairs and Local Development,Foreign,Loan,0
Housing and community  amenities,Community development,MInistry of Urban Development,Government,,6857083
Housing and community  amenities,Community development,MInistry of Urban Development,Foreign,Grant,962624
Housing and community  amenities,Community development,MInistry of Urban Development,Foreign,Loan,5315625
Housing and community  amenities,Water supply,Ministry of Federal Affairs and Local Development,Government,,173382
Housing and community  amenities,Water supply,Ministry of Federal Affairs and Local Development,Foreign,Grant,516486
Housing and community  amenities,Water supply,Ministry of Federal Affairs and Local Development,Foreign,Loan,0
Housing and community  amenities,Water supply,MOF Policy Financing,Government,,845950
Housing and community  amenities,Water supply,MOF Policy Financing,Foreign,Grant,150000
Housing and community  amenities,Water supply,MOF Policy Financing,Foreign,Loan,439250
Housing and community  amenities,Water supply,Ministry of Federal Affairs and Local Development,Government,,384657
Housing and community  amenities,Water supply,Ministry of Federal Affairs and Local Development,Foreign,Grant,646940
Housing and community  amenities,Water supply,Ministry of Federal Affairs and Local Development,Foreign,Loan,0
Housing and community  amenities,Housing and community amenities n.e.c.,Ministry of Health and Population,Government,,142357
Housing and community  amenities,Housing and community amenities n.e.c.,Ministry of Health and Population,Foreign,Grant,460540
Housing and community  amenities,Housing and community amenities n.e.c.,Ministry of Health and Population,Foreign,Loan,300000
Health,"Medical products, appliances and equipment ",Ministry of Commerce and Supply,Government,,136500
Health,"Medical products, appliances and equipment ",Ministry of Commerce and Supply,Foreign,Grant,0
Health,"Medical products, appliances and equipment ",Ministry of Commerce and Supply,Foreign,Loan,0
Health,Out-patient services,Ministry of Health and Population,Government,,1407139
Health,Out-patient services,Ministry of Health and Population,Foreign,Grant,3992217
Health,Out-patient services,Ministry of Health and Population,Foreign,Loan,0
Health,Out-patient services,Ministry of Home,Government,,549662
Health,Out-patient services,Ministry of Home,Foreign,Grant,0
Health,Out-patient services,Ministry of Home,Foreign,Loan,0
Health,Hospital services,Ministry of Defence,Government,,496949
Health,Hospital services,Ministry of Defence,Foreign,Grant,0
Health,Hospital services,Ministry of Defence,Foreign,Loan,0
Health,Hospital services,Ministry of Health and Population,Government,,6008581
Health,Hospital services,Ministry of Health and Population,Foreign,Grant,628143
Health,Hospital services,Ministry of Health and Population,Foreign,Loan,0
Health,Hospital services,MOF Staff Benifits and Retirement Benefits,Government,,3250000
Health,Hospital services,MOF Staff Benifits and Retirement Benefits,Foreign,Grant,0
Health,Hospital services,MOF Staff Benifits and Retirement Benefits,Foreign,Loan,0
Health,Hospital services,Ministry of Federal Affairs and Local Development,Government,,60000
Health,Hospital services,Ministry of Federal Affairs and Local Development,Foreign,Grant,0
Health,Hospital services,Ministry of Federal Affairs and Local Development,Foreign,Loan,0
Health,Public health services,Ministry of Health and Population,Government,,9632431
Health,Public health services,Ministry of Health and Population,Foreign,Grant,3995210
Health,Public health services,Ministry of Health and Population,Foreign,Loan,1746765
Health,Public health services,Ministry of Health and Population,Government,,4569176
Health,Public health services,Ministry of Health and Population,Foreign,Grant,390830
Health,Public health services,Ministry of Health and Population,Foreign,Loan,0
Health,R&D Health,Ministry of Youth and Sports,Government,,1471457
Health,R&D Health,Ministry of Youth and Sports,Foreign,Grant,12300
Health,R&D Health,Ministry of Youth and Sports,Foreign,Loan,0
"RECREATION,CULTURE AND RELIGION",Recreational and sporting services,"Ministry of Culture, Tourism and Civil Aviation",Government,,1873073
"RECREATION,CULTURE AND RELIGION",Recreational and sporting services,"Ministry of Culture, Tourism and Civil Aviation",Foreign,Grant,0
"RECREATION,CULTURE AND RELIGION",Recreational and sporting services,"Ministry of Culture, Tourism and Civil Aviation",Foreign,Loan,0
"RECREATION,CULTURE AND RELIGION",Cultural services,Ministry of Federal Affairs and Local Development,Government,,64613
"RECREATION,CULTURE AND RELIGION",Cultural services,Ministry of Federal Affairs and Local Development,Foreign,Grant,0
"RECREATION,CULTURE AND RELIGION",Cultural services,Ministry of Federal Affairs and Local Development,Foreign,Loan,0
"RECREATION,CULTURE AND RELIGION",Cultural services,Ministry of Information and Communications,Government,,295520
"RECREATION,CULTURE AND RELIGION",Cultural services,Ministry of Information and Communications,Foreign,Grant,264700
"RECREATION,CULTURE AND RELIGION",Cultural services,Ministry of Information and Communications,Foreign,Loan,0
"RECREATION,CULTURE AND RELIGION",Broadcasting and publishing services,Ministry of Education,Government,,29006945
"RECREATION,CULTURE AND RELIGION",Broadcasting and publishing services,Ministry of Education,Foreign,Grant,417627
"RECREATION,CULTURE AND RELIGION",Broadcasting and publishing services,Ministry of Education,Foreign,Loan,0
EDUCATION,Pre-primary and primary education,Ministry of Education,Government,,15407005
EDUCATION,Pre-primary and primary education,Ministry of Education,Foreign,Grant,0
EDUCATION,Pre-primary and primary education,Ministry of Education,Foreign,Loan,0
EDUCATION,Secondary education,Ministry of Education,Government,,14351908
EDUCATION,Secondary education,Ministry of Education,Foreign,Grant,9917602
EDUCATION,Secondary education,Ministry of Education,Foreign,Loan,0
EDUCATION,Education not definable by level,Ministry of Education,Government,,14905113
EDUCATION,Education not definable by level,Ministry of Education,Foreign,Grant,262160
EDUCATION,Education not definable by level,Ministry of Education,Foreign,Loan,0
EDUCATION,Subsidiary services to education,Ministry of Education,Government,,4901
EDUCATION,Subsidiary services to education,Ministry of Education,Foreign,Grant,631078
EDUCATION,Subsidiary services to education,Ministry of Education,Foreign,Loan,1129716
EDUCATION,Education n.e.c.,Ministry of Federal Affairs and Local Development,Government,,0
EDUCATION,Education n.e.c.,Ministry of Federal Affairs and Local Development,Foreign,Grant,705400
EDUCATION,Education n.e.c.,Ministry of Federal Affairs and Local Development,Foreign,Loan,224123
SOCIAL PROTECTION,Family and children,Ministry of Health and Population,Government,,243713
SOCIAL PROTECTION,Family and children,Ministry of Health and Population,Foreign,Grant,0
SOCIAL PROTECTION,Family and children,Ministry of Health and Population,Foreign,Loan,0
SOCIAL PROTECTION,Family and children,Prime Minister and Council of Minister's Office,Government,,53358
SOCIAL PROTECTION,Family and children,Prime Minister and Council of Minister's Office,Foreign,Grant,0
SOCIAL PROTECTION,Family and children,Prime Minister and Council of Minister's Office,Foreign,Loan,0
SOCIAL PROTECTION,Social exclusion n.e.c.,Ministry of Federal Affairs and Local Development,Government,,12905366
SOCIAL PROTECTION,Social exclusion n.e.c.,Ministry of Federal Affairs and Local Development,Foreign,Grant,97049
SOCIAL PROTECTION,Social exclusion n.e.c.,Ministry of Federal Affairs and Local Development,Foreign,Loan,0
SOCIAL PROTECTION,Social exclusion n.e.c.,Ministry of Labour and Employment,Government,,125940
SOCIAL PROTECTION,Social exclusion n.e.c.,Ministry of Labour and Employment,Foreign,Grant,0
SOCIAL PROTECTION,Social exclusion n.e.c.,Ministry of Labour and Employment,Foreign,Loan,0
SOCIAL PROTECTION,R&D Social protection,Ministry of Home,Government,,16161
SOCIAL PROTECTION,R&D Social protection,Ministry of Home,Foreign,Grant,114151
SOCIAL PROTECTION,R&D Social protection,Ministry of Home,Foreign,Loan,0
SOCIAL PROTECTION,Social protection n.e.c.,"Ministry of Women, Children & Social Welfare",Government,,1593768
SOCIAL PROTECTION,Social protection n.e.c.,"Ministry of Women, Children & Social Welfare",Foreign,Grant,201143
SOCIAL PROTECTION,Social protection n.e.c.,"Ministry of Women, Children & Social Welfare",Foreign,Loan,0
SOCIAL PROTECTION,Social protection n.e.c.,Ministry of Peace & Reconstruction,Government,,0
SOCIAL PROTECTION,Social protection n.e.c.,Ministry of Peace & Reconstruction,Foreign,Grant,0
SOCIAL PROTECTION,Social protection n.e.c.,,Foreign,Loan,
