Districts,Category,Value
Taplejung,Agriculture and Forestry,4723
Taplejung,Fishing,0
Taplejung,Mining and quarrying,41
Taplejung,Manufacturing,96
Taplejung,"Electricity, gas and water",9
Taplejung,Construction,479
Taplejung,Wholesale and retail trade,491
Taplejung,Hotels and restaurants,57
Taplejung,"Transport, storage and
communications",123
Taplejung,Financial intermediation,101
Taplejung,"Real estate, renting and
business activities",431
Taplejung,"Public administration and
defense",148
Taplejung,Education,163
Taplejung,Health and social work,67
Taplejung,"Other community,
social and personal services
activities",94
Taplejung,"Total economy including
financial intermediation
service indirectly measured
(total value added)",7021
Taplejung,"Total economy at basic price
(total value added)",6803
Taplejung,GDP at market price,7448
Taplejung,Factor income,39
Taplejung,GNI,7487
Taplejung,"Per capita income, Rs. at
market price",58741
Taplejung,"Per capita income, $",813
Taplejung,"Per capita income, PPP $",1313
Sankhuwasabha,Agriculture and Forestry,4569
Sankhuwasabha,Fishing,0
Sankhuwasabha,Mining and quarrying,29
Sankhuwasabha,Manufacturing,134
Sankhuwasabha,"Electricity, gas and water",25
Sankhuwasabha,Construction,494
Sankhuwasabha,Wholesale and retail trade,659
Sankhuwasabha,Hotels and restaurants,78
Sankhuwasabha,"Transport, storage and
communications",403
Sankhuwasabha,Financial intermediation,141
Sankhuwasabha,"Real estate, renting and
business activities",936
Sankhuwasabha,"Public administration and
defense",158
Sankhuwasabha,Education,155
Sankhuwasabha,Health and social work,80
Sankhuwasabha,"Other community,
social and personal services
activities",95
Sankhuwasabha,"Total economy including
financial intermediation
service indirectly measured
(total value added)",7955
Sankhuwasabha,"Total economy at basic price
(total value added)",7688
Sankhuwasabha,GDP at market price,8417
Sankhuwasabha,Factor income,54
Sankhuwasabha,GNI,8471
Sankhuwasabha,"Per capita income, Rs. at
market price",53364
Sankhuwasabha,"Per capita income, $",738
Sankhuwasabha,"Per capita income, PPP $",1193
Solukhumbu,Agriculture and Forestry,5422
Solukhumbu,Fishing,0
Solukhumbu,Mining and quarrying,24
Solukhumbu,Manufacturing,89
Solukhumbu,"Electricity, gas and water",2
Solukhumbu,Construction,365
Solukhumbu,Wholesale and retail trade,436
Solukhumbu,Hotels and restaurants,103
Solukhumbu,"Transport, storage and
communications",485
Solukhumbu,Financial intermediation,184
Solukhumbu,"Real estate, renting and
business activities",565
Solukhumbu,"Public administration and
defense",141
Solukhumbu,Education,93
Solukhumbu,Health and social work,42
Solukhumbu,"Other community,
social and personal services
activities",110
Solukhumbu,"Total economy including
financial intermediation
service indirectly measured
(total value added)",8061
Solukhumbu,"Total economy at basic price
(total value added)",7948
Solukhumbu,GDP at market price,8702
Solukhumbu,Factor income,18
Solukhumbu,GNI,8720
Solukhumbu,"Per capita income, Rs. at
market price",82356
Solukhumbu,"Per capita income, $",1140
Solukhumbu,"Per capita income, PPP $",1841
Panchthar,Agriculture and Forestry,5206
Panchthar,Fishing,1
Panchthar,Mining and quarrying,46
Panchthar,Manufacturing,168
Panchthar,"Electricity, gas and water",21
Panchthar,Construction,651
Panchthar,Wholesale and retail trade,880
Panchthar,Hotels and restaurants,69
Panchthar,"Transport, storage and
communications",478
Panchthar,Financial intermediation,91
Panchthar,"Real estate, renting and
business activities",341
Panchthar,"Public administration and
defense",189
Panchthar,Education,298
Panchthar,Health and social work,154
Panchthar,"Other community,
social and personal services
activities",99
Panchthar,"Total economy including
financial intermediation
service indirectly measured
(total value added)",8694
Panchthar,"Total economy at basic price
(total value added)",8413
Panchthar,GDP at market price,9212
Panchthar,Factor income,73
Panchthar,GNI,9285
Panchthar,"Per capita income, Rs. at
market price",48405
Panchthar,"Per capita income, $",670
Panchthar,"Per capita income, PPP $",1082
Ilam,Agriculture and Forestry,9723
Ilam,Fishing,1
Ilam,Mining and quarrying,65
Ilam,Manufacturing,223
Ilam,"Electricity, gas and water",80
Ilam,Construction,982
Ilam,Wholesale and retail trade,1302
Ilam,Hotels and restaurants,110
Ilam,"Transport, storage and
communications",837
Ilam,Financial intermediation,296
Ilam,"Real estate, renting and
business activities",918
Ilam,"Public administration and
defense",220
Ilam,Education,343
Ilam,Health and social work,137
Ilam,"Other community,
social and personal services
activities",110
Ilam,"Total economy including
financial intermediation
service indirectly measured
(total value added)",15348
Ilam,"Total economy at basic price
(total value added)",14852
Ilam,GDP at market price,16262
Ilam,Factor income,94
Ilam,GNI,16355
Ilam,"Per capita income, Rs. at
market price",56348
Ilam,"Per capita income, $",780
Ilam,"Per capita income, PPP $",1260
Dhankuta,Agriculture and Forestry,4695
Dhankuta,Fishing,0
Dhankuta,Mining and quarrying,65
Dhankuta,Manufacturing,140
Dhankuta,"Electricity, gas and water",57
Dhankuta,Construction,717
Dhankuta,Wholesale and retail trade,770
Dhankuta,Hotels and restaurants,76
Dhankuta,"Transport, storage and
communications",424
Dhankuta,Financial intermediation,51
Dhankuta,"Real estate, renting and
business activities",826
Dhankuta,"Public administration and
defense",219
Dhankuta,Education,269
Dhankuta,Health and social work,198
Dhankuta,"Other community,
social and personal services
activities",106
Dhankuta,"Total economy including
financial intermediation
service indirectly measured
(total value added)",8614
Dhankuta,"Total economy at basic price
(total value added)",8335
Dhankuta,GDP at market price,9126
Dhankuta,Factor income,61
Dhankuta,GNI,9187
Dhankuta,"Per capita income, Rs. at
market price",56223
Dhankuta,"Per capita income, $",778
Dhankuta,"Per capita income, PPP $",1257
Terhathum,Agriculture and Forestry,4054
Terhathum,Fishing,0
Terhathum,Mining and quarrying,17
Terhathum,Manufacturing,114
Terhathum,"Electricity, gas and water",19
Terhathum,Construction,307
Terhathum,Wholesale and retail trade,437
Terhathum,Hotels and restaurants,49
Terhathum,"Transport, storage and
communications",241
Terhathum,Financial intermediation,76
Terhathum,"Real estate, renting and
business activities",260
Terhathum,"Public administration and
defense",125
Terhathum,Education,163
Terhathum,Health and social work,89
Terhathum,"Other community,
social and personal services
activities",95
Terhathum,"Total economy including
financial intermediation
service indirectly measured
(total value added)",6046
Terhathum,"Total economy at basic price
(total value added)",5850
Terhathum,GDP at market price,6406
Terhathum,Factor income,42
Terhathum,GNI,6447
Terhathum,"Per capita income, Rs. at
market price",63470
Terhathum,"Per capita income, $",878
Terhathum,"Per capita income, PPP $",1419
Bhojpur,Agriculture and Forestry,4561
Bhojpur,Fishing,0
Bhojpur,Mining and quarrying,21
Bhojpur,Manufacturing,114
Bhojpur,"Electricity, gas and water",6
Bhojpur,Construction,504
Bhojpur,Wholesale and retail trade,781
Bhojpur,Hotels and restaurants,64
Bhojpur,"Transport, storage and
communications",394
Bhojpur,Financial intermediation,32
Bhojpur,"Real estate, renting and
business activities",533
Bhojpur,"Public administration and
defense",190
Bhojpur,Education,219
Bhojpur,Health and social work,126
Bhojpur,"Other community,
social and personal services
activities",95
Bhojpur,"Total economy including
financial intermediation
service indirectly measured
(total value added)",7640
Bhojpur,"Total economy at basic price
(total value added)",7384
Bhojpur,GDP at market price,8084
Bhojpur,Factor income,65
Bhojpur,GNI,8150
Bhojpur,"Per capita income, Rs. at
market price",44666
Bhojpur,"Per capita income, $",618
Bhojpur,"Per capita income, PPP $",999
Okhaldhunga,Agriculture and Forestry,3422
Okhaldhunga,Fishing,0
Okhaldhunga,Mining and quarrying,51
Okhaldhunga,Manufacturing,81
Okhaldhunga,"Electricity, gas and water",3
Okhaldhunga,Construction,591
Okhaldhunga,Wholesale and retail trade,661
Okhaldhunga,Hotels and restaurants,55
Okhaldhunga,"Transport, storage and
communications",140
Okhaldhunga,Financial intermediation,32
Okhaldhunga,"Real estate, renting and
business activities",367
Okhaldhunga,"Public administration and
defense",163
Okhaldhunga,Education,214
Okhaldhunga,Health and social work,96
Okhaldhunga,"Other community,
social and personal services
activities",98
Okhaldhunga,"Total economy including
financial intermediation
service indirectly measured
(total value added)",5973
Okhaldhunga,"Total economy at basic price
(total value added)",5748
Okhaldhunga,GDP at market price,6294
Okhaldhunga,Factor income,40
Okhaldhunga,GNI,6334
Okhaldhunga,"Per capita income, Rs. at
market price",42800
Okhaldhunga,"Per capita income, $",592
Okhaldhunga,"Per capita income, PPP $",957
Khotang,Agriculture and Forestry,7143
Khotang,Fishing,0
Khotang,Mining and quarrying,32
Khotang,Manufacturing,156
Khotang,"Electricity, gas and water",12
Khotang,Construction,592
Khotang,Wholesale and retail trade,845
Khotang,Hotels and restaurants,77
Khotang,"Transport, storage and
communications",205
Khotang,Financial intermediation,23
Khotang,"Real estate, renting and
business activities",39
Khotang,"Public administration and
defense",206
Khotang,Education,247
Khotang,Health and social work,127
Khotang,"Other community,
social and personal services
activities",88
Khotang,"Total economy including
financial intermediation
service indirectly measured
(total value added)",9793
Khotang,"Total economy at basic price
(total value added)",9477
Khotang,GDP at market price,10376
Khotang,Factor income,71
Khotang,GNI,10446
Khotang,"Per capita income, Rs. at
market price",50634
Khotang,"Per capita income, $",701
Khotang,"Per capita income, PPP $",1132
Udayapur,Agriculture and Forestry,5625
Udayapur,Fishing,8
Udayapur,Mining and quarrying,198
Udayapur,Manufacturing,892
Udayapur,"Electricity, gas and water",165
Udayapur,Construction,942
Udayapur,Wholesale and retail trade,1342
Udayapur,Hotels and restaurants,125
Udayapur,"Transport, storage and
communications",425
Udayapur,Financial intermediation,322
Udayapur,"Real estate, renting and
business activities",1332
Udayapur,"Public administration and
defense",217
Udayapur,Education,358
Udayapur,Health and social work,182
Udayapur,"Other community,
social and personal services
activities",103
Udayapur,"Total economy including
financial intermediation
service indirectly measured
(total value added)",12237
Udayapur,"Total economy at basic price
(total value added)",11842
Udayapur,GDP at market price,12965
Udayapur,Factor income,103
Udayapur,GNI,13068
Udayapur,"Per capita income, Rs. at
market price",41156
Udayapur,"Per capita income, $",569
Udayapur,"Per capita income, PPP $",920
Jhapa,Agriculture and Forestry,19099
Jhapa,Fishing,153
Jhapa,Mining and quarrying,129
Jhapa,Manufacturing,1927
Jhapa,"Electricity, gas and water",612
Jhapa,Construction,2510
Jhapa,Wholesale and retail trade,6152
Jhapa,Hotels and restaurants,672
Jhapa,"Transport, storage and
communications",2825
Jhapa,Financial intermediation,1345
Jhapa,"Real estate, renting and
business activities",3034
Jhapa,"Public administration and
defense",431
Jhapa,Education,1794
Jhapa,Health and social work,435
Jhapa,"Other community,
social and personal services
activities",346
Jhapa,"Total economy including
financial intermediation
service indirectly measured
(total value added)",41465
Jhapa,"Total economy at basic price
(total value added)",40370
Jhapa,GDP at market price,44201
Jhapa,Factor income,351
Jhapa,GNI,44552
Jhapa,"Per capita income, Rs. at
market price",54823
Jhapa,"Per capita income, $",759
Jhapa,"Per capita income, PPP $",1226
Morang,Agriculture and Forestry,16963
Morang,Fishing,312
Morang,Mining and quarrying,123
Morang,Manufacturing,6086
Morang,"Electricity, gas and water",1178
Morang,Construction,2766
Morang,Wholesale and retail trade,8392
Morang,Hotels and restaurants,993
Morang,"Transport, storage and
communications",5200
Morang,Financial intermediation,1752
Morang,"Real estate, renting and
business activities",3137
Morang,"Public administration and
defense",519
Morang,Education,1360
Morang,Health and social work,834
Morang,"Other community,
social and personal services
activities",439
Morang,"Total economy including
financial intermediation
service indirectly measured
(total value added)",50055
Morang,"Total economy at basic price
(total value added)",49026
Morang,GDP at market price,53678
Morang,Factor income,349
Morang,GNI,54027
Morang,"Per capita income, Rs. at
market price",55965
Morang,"Per capita income, $",774
Morang,"Per capita income, PPP $",1251
Sunsari,Agriculture and Forestry,11829
Sunsari,Fishing,163
Sunsari,Mining and quarrying,129
Sunsari,Manufacturing,4079
Sunsari,"Electricity, gas and water",691
Sunsari,Construction,2290
Sunsari,Wholesale and retail trade,5630
Sunsari,Hotels and restaurants,576
Sunsari,"Transport, storage and
communications",2531
Sunsari,Financial intermediation,1629
Sunsari,"Real estate, renting and
business activities",4066
Sunsari,"Public administration and
defense",490
Sunsari,Education,893
Sunsari,Health and social work,261
Sunsari,"Other community,
social and personal services
activities",148
Sunsari,"Total economy including
financial intermediation
service indirectly measured
(total value added)",35404
Sunsari,"Total economy at basic price
(total value added)",34261
Sunsari,GDP at market price,37512
Sunsari,Factor income,189
Sunsari,GNI,37701
Sunsari,"Per capita income, Rs. at
market price",49380
Sunsari,"Per capita income, $",683
Sunsari,"Per capita income, PPP $",1104
Saptari,Agriculture and Forestry,11230
Saptari,Fishing,561
Saptari,Mining and quarrying,70
Saptari,Manufacturing,660
Saptari,"Electricity, gas and water",103
Saptari,Construction,1570
Saptari,Wholesale and retail trade,3833
Saptari,Hotels and restaurants,418
Saptari,"Transport, storage and
communications",783
Saptari,Financial intermediation,241
Saptari,"Real estate, renting and
business activities",970
Saptari,"Public administration and
defense",336
Saptari,Education,354
Saptari,Health and social work,266
Saptari,"Other community,
social and personal services
activities",120
Saptari,"Total economy including
financial intermediation
service indirectly measured
(total value added)",21518
Saptari,"Total economy at basic price
(total value added)",20823
Saptari,GDP at market price,22799
Saptari,Factor income,112
Saptari,GNI,22911
Saptari,"Per capita income, Rs. at
market price",35838
Saptari,"Per capita income, $",496
Saptari,"Per capita income, PPP $",801
Siraha,Agriculture and Forestry,7777
Siraha,Fishing,391
Siraha,Mining and quarrying,69
Siraha,Manufacturing,438
Siraha,"Electricity, gas and water",45
Siraha,Construction,1531
Siraha,Wholesale and retail trade,3827
Siraha,Hotels and restaurants,413
Siraha,"Transport, storage and
communications",592
Siraha,Financial intermediation,284
Siraha,"Real estate, renting and
business activities",1671
Siraha,"Public administration and
defense",267
Siraha,Education,713
Siraha,Health and social work,239
Siraha,"Other community,
social and personal services
activities",121
Siraha,"Total economy including
financial intermediation
service indirectly measured
(total value added)",18378
Siraha,"Total economy at basic price
(total value added)",17784
Siraha,GDP at market price,19472
Siraha,Factor income,171
Siraha,GNI,19643
Siraha,"Per capita income, Rs. at
market price",30820
Siraha,"Per capita income, $",426
Siraha,"Per capita income, PPP $",689
Dolakha,Agriculture and Forestry,2869
Dolakha,Fishing,0
Dolakha,Mining and quarrying,69
Dolakha,Manufacturing,200
Dolakha,"Electricity, gas and water",41
Dolakha,Construction,977
Dolakha,Wholesale and retail trade,848
Dolakha,Hotels and restaurants,101
Dolakha,"Transport, storage and
communications",161
Dolakha,Financial intermediation,308
Dolakha,"Real estate, renting and
business activities",818
Dolakha,"Public administration and
defense",177
Dolakha,Education,322
Dolakha,Health and social work,228
Dolakha,"Other community,
social and personal services
activities",106
Dolakha,"Total economy including
financial intermediation
service indirectly measured
(total value added)",7225
Dolakha,"Total economy at basic price
(total value added)",6992
Dolakha,GDP at market price,7655
Dolakha,Factor income,41
Dolakha,GNI,7697
Dolakha,"Per capita income, Rs. at
market price",41256
Dolakha,"Per capita income, $",571
Dolakha,"Per capita income, PPP $",922
Sindhupalchok,Agriculture and Forestry,6645
Sindhupalchok,Fishing,0
Sindhupalchok,Mining and quarrying,52
Sindhupalchok,Manufacturing,300
Sindhupalchok,"Electricity, gas and water",73
Sindhupalchok,Construction,1171
Sindhupalchok,Wholesale and retail trade,1268
Sindhupalchok,Hotels and restaurants,165
Sindhupalchok,"Transport, storage and
communications",1805
Sindhupalchok,Financial intermediation,518
Sindhupalchok,"Real estate, renting and
business activities",574
Sindhupalchok,"Public administration and
defense",233
Sindhupalchok,Education,358
Sindhupalchok,Health and social work,145
Sindhupalchok,"Other community,
social and personal services
activities",103
Sindhupalchok,"Total economy including
financial intermediation
service indirectly measured
(total value added)",13409
Sindhupalchok,"Total economy at basic price
(total value added)",12976
Sindhupalchok,GDP at market price,14208
Sindhupalchok,Factor income,83
Sindhupalchok,GNI,14291
Sindhupalchok,"Per capita income, Rs. at
market price",49657
Sindhupalchok,"Per capita income, $",687
Sindhupalchok,"Per capita income, PPP $",1110
Rasuwa,Agriculture and Forestry,1605
Rasuwa,Fishing,0
Rasuwa,Mining and quarrying,13
Rasuwa,Manufacturing,53
Rasuwa,"Electricity, gas and water",13
Rasuwa,Construction,198
Rasuwa,Wholesale and retail trade,179
Rasuwa,Hotels and restaurants,26
Rasuwa,"Transport, storage and
communications",115
Rasuwa,Financial intermediation,62
Rasuwa,"Real estate, renting and
business activities",217
Rasuwa,"Public administration and
defense",92
Rasuwa,Education,64
Rasuwa,Health and social work,35
Rasuwa,"Other community,
social and personal services
activities",94
Rasuwa,"Total economy including
financial intermediation
service indirectly measured
(total value added)",2767
Rasuwa,"Total economy at basic price
(total value added)",2677
Rasuwa,GDP at market price,2931
Rasuwa,Factor income,12
Rasuwa,GNI,2943
Rasuwa,"Per capita income, Rs. at
market price",67973
Rasuwa,"Per capita income, $",941
Rasuwa,"Per capita income, PPP $",1520
Sindhuli,Agriculture and Forestry,5714
Sindhuli,Fishing,1
Sindhuli,Mining and quarrying,42
Sindhuli,Manufacturing,165
Sindhuli,"Electricity, gas and water",73
Sindhuli,Construction,991
Sindhuli,Wholesale and retail trade,1153
Sindhuli,Hotels and restaurants,95
Sindhuli,"Transport, storage and
communications",333
Sindhuli,Financial intermediation,156
Sindhuli,"Real estate, renting and
business activities",558
Sindhuli,"Public administration and
defense",231
Sindhuli,Education,527
Sindhuli,Health and social work,77
Sindhuli,"Other community,
social and personal services
activities",98
Sindhuli,"Total economy including
financial intermediation
service indirectly measured
(total value added)",10214
Sindhuli,"Total economy at basic price
(total value added)",9884
Sindhuli,GDP at market price,10822
Sindhuli,Factor income,68
Sindhuli,GNI,10890
Sindhuli,"Per capita income, Rs. at
market price",36767
Sindhuli,"Per capita income, $",509
Sindhuli,"Per capita income, PPP $",822
Ramechhap,Agriculture and Forestry,4775
Ramechhap,Fishing,0
Ramechhap,Mining and quarrying,37
Ramechhap,Manufacturing,105
Ramechhap,"Electricity, gas and water",31
Ramechhap,Construction,783
Ramechhap,Wholesale and retail trade,880
Ramechhap,Hotels and restaurants,78
Ramechhap,"Transport, storage and
communications",131
Ramechhap,Financial intermediation,20
Ramechhap,"Real estate, renting and
business activities",568
Ramechhap,"Public administration and
defense",171
Ramechhap,Education,345
Ramechhap,Health and social work,86
Ramechhap,"Other community,
social and personal services
activities",85
Ramechhap,"Total economy including
financial intermediation
service indirectly measured
(total value added)",8095
Ramechhap,"Total economy at basic price
(total value added)",7836
Ramechhap,GDP at market price,8579
Ramechhap,Factor income,38
Ramechhap,GNI,8617
Ramechhap,"Per capita income, Rs. at
market price",42524
Ramechhap,"Per capita income, $",588
Ramechhap,"Per capita income, PPP $",951
Kavrepalanchok,Agriculture and Forestry,11746
Kavrepalanchok,Fishing,1
Kavrepalanchok,Mining and quarrying,92
Kavrepalanchok,Manufacturing,513
Kavrepalanchok,"Electricity, gas and water",245
Kavrepalanchok,Construction,1567
Kavrepalanchok,Wholesale and retail trade,1705
Kavrepalanchok,Hotels and restaurants,378
Kavrepalanchok,"Transport, storage and
communications",1907
Kavrepalanchok,Financial intermediation,724
Kavrepalanchok,"Real estate, renting and
business activities",1747
Kavrepalanchok,"Public administration and
defense",305
Kavrepalanchok,Education,915
Kavrepalanchok,Health and social work,340
Kavrepalanchok,"Other community,
social and personal services
activities",319
Kavrepalanchok,"Total economy including
financial intermediation
service indirectly measured
(total value added)",22504
Kavrepalanchok,"Total economy at basic price
(total value added)",21778
Kavrepalanchok,GDP at market price,23844
Kavrepalanchok,Factor income,50
Kavrepalanchok,GNI,23894
Kavrepalanchok,"Per capita income, Rs. at
market price",62559
Kavrepalanchok,"Per capita income, $",866
Kavrepalanchok,"Per capita income, PPP $",1399
Lalitpur,Agriculture and Forestry,3733
Lalitpur,Fishing,3
Lalitpur,Mining and quarrying,489
Lalitpur,Manufacturing,2578
Lalitpur,"Electricity, gas and water",846
Lalitpur,Construction,4066
Lalitpur,Wholesale and retail trade,6111
Lalitpur,Hotels and restaurants,696
Lalitpur,"Transport, storage and
communications",3002
Lalitpur,Financial intermediation,3363
Lalitpur,"Real estate, renting and
business activities",5353
Lalitpur,"Public administration and
defense",499
Lalitpur,Education,5464
Lalitpur,Health and social work,451
Lalitpur,"Other community,
social and personal services
activities",733
Lalitpur,"Total economy including
financial intermediation
service indirectly measured
(total value added)",37386
Lalitpur,"Total economy at basic price
(total value added)",36179
Lalitpur,GDP at market price,39612
Lalitpur,Factor income,46
Lalitpur,GNI,39658
Lalitpur,"Per capita income, Rs. at
market price",84715
Lalitpur,"Per capita income, $",1172
Lalitpur,"Per capita income, PPP $",1894
Bhaktapur,Agriculture and Forestry,2781
Bhaktapur,Fishing,2
Bhaktapur,Mining and quarrying,66
Bhaktapur,Manufacturing,1232
Bhaktapur,"Electricity, gas and water",318
Bhaktapur,Construction,1267
Bhaktapur,Wholesale and retail trade,1894
Bhaktapur,Hotels and restaurants,117
Bhaktapur,"Transport, storage and
communications",1629
Bhaktapur,Financial intermediation,1286
Bhaktapur,"Real estate, renting and
business activities",3376
Bhaktapur,"Public administration and
defense",250
Bhaktapur,Education,3001
Bhaktapur,Health and social work,193
Bhaktapur,"Other community,
social and personal services
activities",303
Bhaktapur,"Total economy including
financial intermediation
service indirectly measured
(total value added)",17714
Bhaktapur,"Total economy at basic price
(total value added)",17142
Bhaktapur,GDP at market price,18769
Bhaktapur,Factor income,24
Bhaktapur,GNI,18793
Bhaktapur,"Per capita income, Rs. at
market price",61686
Bhaktapur,"Per capita income, $",854
Bhaktapur,"Per capita income, PPP $",1379
Kathmandu,Agriculture and Forestry,6010
Kathmandu,Fishing,3
Kathmandu,Mining and quarrying,1556
Kathmandu,Manufacturing,8600
Kathmandu,"Electricity, gas and water",2451
Kathmandu,Construction,14103
Kathmandu,Wholesale and retail trade,35686
Kathmandu,Hotels and restaurants,4619
Kathmandu,"Transport, storage and
communications",29426
Kathmandu,Financial intermediation,17298
Kathmandu,"Real estate, renting and
business activities",20616
Kathmandu,"Public administration and
defense",7170
Kathmandu,Education,20436
Kathmandu,Health and social work,"19,63"
Kathmandu,"Other community,
social and personal services
activities",35602
Kathmandu,"Total economy including
financial intermediation
service indirectly measured
(total value added)",205540
Kathmandu,"Total economy at basic price
(total value added)",196723
Kathmandu,GDP at market price,215391
Kathmandu,Factor income,199
Kathmandu,GNI,215590
Kathmandu,"Per capita income, Rs. at
market price",123601
Kathmandu,"Per capita income, $",1710
Kathmandu,"Per capita income, PPP $",2764
Nuwakot,Agriculture and Forestry,6335
Nuwakot,Fishing,1
Nuwakot,Mining and quarrying,127
Nuwakot,Manufacturing,163
Nuwakot,"Electricity, gas and water",118
Nuwakot,Construction,1218
Nuwakot,Wholesale and retail trade,1194
Nuwakot,Hotels and restaurants,321
Nuwakot,"Transport, storage and
communications",1363
Nuwakot,Financial intermediation,195
Nuwakot,"Real estate, renting and
business activities",891
Nuwakot,"Public administration and
defense",222
Nuwakot,Education,315
Nuwakot,Health and social work,116
Nuwakot,"Other community,
social and personal services
activities",98
Nuwakot,"Total economy including
financial intermediation
service indirectly measured
(total value added)",12676
Nuwakot,"Total economy at basic price
(total value added)",12267
Nuwakot,GDP at market price,13431
Nuwakot,Factor income,50
Nuwakot,GNI,13481
Nuwakot,"Per capita income, Rs. at
market price",48586
Nuwakot,"Per capita income, $",672
Nuwakot,"Per capita income, PPP $",1086
Dhading,Agriculture and Forestry,6054
Dhading,Fishing,1
Dhading,Mining and quarrying,42
Dhading,Manufacturing,682
Dhading,"Electricity, gas and water",134
Dhading,Construction,1212
Dhading,Wholesale and retail trade,1632
Dhading,Hotels and restaurants,132
Dhading,"Transport, storage and
communications",2011
Dhading,Financial intermediation,148
Dhading,"Real estate, renting and
business activities",783
Dhading,"Public administration and
defense",231
Dhading,Education,472
Dhading,Health and social work,182
Dhading,"Other community,
social and personal services
activities",122
Dhading,"Total economy including
financial intermediation
service indirectly measured
(total value added)",13838
Dhading,"Total economy at basic price
(total value added)",13392
Dhading,GDP at market price,14662
Dhading,Factor income,91
Dhading,GNI,14753
Dhading,"Per capita income, Rs. at
market price",43899
Dhading,"Per capita income, $",607
Dhading,"Per capita income, PPP $",982
Makwanpur,Agriculture and Forestry,6466
Makwanpur,Fishing,13
Makwanpur,Mining and quarrying,127
Makwanpur,Manufacturing,3691
Makwanpur,"Electricity, gas and water",434
Makwanpur,Construction,1827
Makwanpur,Wholesale and retail trade,2083
Makwanpur,Hotels and restaurants,159
Makwanpur,"Transport, storage and
communications",5657
Makwanpur,Financial intermediation,870
Makwanpur,"Real estate, renting and
business activities",1855
Makwanpur,"Public administration and
defense",468
Makwanpur,Education,794
Makwanpur,Health and social work,218
Makwanpur,"Other community,
social and personal services
activities",301
Makwanpur,"Total economy including
financial intermediation
service indirectly measured
(total value added)",24963
Makwanpur,"Total economy at basic price
(total value added)",24157
Makwanpur,GDP at market price,26449
Makwanpur,Factor income,74
Makwanpur,GNI,26523
Makwanpur,"Per capita income, Rs. at
market price",63079
Makwanpur,"Per capita income, $",873
Makwanpur,"Per capita income, PPP $",1410
Dhanusha,Agriculture and Forestry,10305
Dhanusha,Fishing,536
Dhanusha,Mining and quarrying,148
Dhanusha,Manufacturing,4986
Dhanusha,"Electricity, gas and water",213
Dhanusha,Construction,2638
Dhanusha,Wholesale and retail trade,4522
Dhanusha,Hotels and restaurants,482
Dhanusha,"Transport, storage and
communications",1027
Dhanusha,Financial intermediation,689
Dhanusha,"Real estate, renting and
business activities",2183
Dhanusha,"Public administration and
defense",342
Dhanusha,Education,816
Dhanusha,Health and social work,410
Dhanusha,"Other community,
social and personal services
activities",286
Dhanusha,"Total economy including
financial intermediation
service indirectly measured
(total value added)",29584
Dhanusha,"Total economy at basic price
(total value added)",28727
Dhanusha,GDP at market price,31453
Dhanusha,Factor income,211
Dhanusha,GNI,31664
Dhanusha,"Per capita income, Rs. at
market price",41951
Dhanusha,"Per capita income, $",580
Dhanusha,"Per capita income, PPP $",938
Mahottari,Agriculture and Forestry,7750
Mahottari,Fishing,362
Mahottari,Mining and quarrying,79
Mahottari,Manufacturing,600
Mahottari,"Electricity, gas and water",272
Mahottari,Construction,1909
Mahottari,Wholesale and retail trade,3506
Mahottari,Hotels and restaurants,384
Mahottari,"Transport, storage and
communications",503
Mahottari,Financial intermediation,292
Mahottari,"Real estate, renting and
business activities",1013
Mahottari,"Public administration and
defense",278
Mahottari,Education,583
Mahottari,Health and social work,248
Mahottari,"Other community,
social and personal services
activities",82
Mahottari,"Total economy including
financial intermediation
service indirectly measured
(total value added)",17861
Mahottari,"Total economy at basic price
(total value added)",17284
Mahottari,GDP at market price,18924
Mahottari,Factor income,177
Mahottari,GNI,19101
Mahottari,"Per capita income, Rs. at
market price",30436
Mahottari,"Per capita income, $",421
Mahottari,"Per capita income, PPP $",681
Sarlahi,Agriculture and Forestry,12977
Sarlahi,Fishing,183
Sarlahi,Mining and quarrying,287
Sarlahi,Manufacturing,735
Sarlahi,"Electricity, gas and water",141
Sarlahi,Construction,2227
Sarlahi,Wholesale and retail trade,4144
Sarlahi,Hotels and restaurants,457
Sarlahi,"Transport, storage and
communications",592
Sarlahi,Financial intermediation,230
Sarlahi,"Real estate, renting and
business activities",2897
Sarlahi,"Public administration and
defense",271
Sarlahi,Education,702
Sarlahi,Health and social work,255
Sarlahi,"Other community,
social and personal services
activities",89
Sarlahi,"Total economy including
financial intermediation
service indirectly measured
(total value added)",26187
Sarlahi,"Total economy at basic price
(total value added)",25341
Sarlahi,GDP at market price,27746
Sarlahi,Factor income,101
Sarlahi,GNI,27847
Sarlahi,"Per capita income, Rs. at
market price",36177
Sarlahi,"Per capita income, $",501
Sarlahi,"Per capita income, PPP $",809
Rautahat,Agriculture and Forestry,9960
Rautahat,Fishing,150
Rautahat,Mining and quarrying,55
Rautahat,Manufacturing,578
Rautahat,"Electricity, gas and water",108
Rautahat,Construction,1723
Rautahat,Wholesale and retail trade,3316
Rautahat,Hotels and restaurants,376
Rautahat,"Transport, storage and
communications",2511
Rautahat,Financial intermediation,189
Rautahat,"Real estate, renting and
business activities",1555
Rautahat,"Public administration and
defense",224
Rautahat,Education,835
Rautahat,Health and social work,204
Rautahat,"Other community,
social and personal services
activities",115
Rautahat,"Total economy including
financial intermediation
service indirectly measured
(total value added)",21900
Rautahat,"Total economy at basic price
(total value added)",21193
Rautahat,GDP at market price,23204
Rautahat,Factor income,34
Rautahat,GNI,23238
Rautahat,"Per capita income, Rs. at
market price",33840
Rautahat,"Per capita income, $",468
Rautahat,"Per capita income, PPP $",757
Bara,Agriculture and Forestry,14611
Bara,Fishing,353
Bara,Mining and quarrying,88
Bara,Manufacturing,14495
Bara,"Electricity, gas and water",834
Bara,Construction,1920
Bara,Wholesale and retail trade,3982
Bara,Hotels and restaurants,374
Bara,"Transport, storage and
communications",2955
Bara,Financial intermediation,415
Bara,"Real estate, renting and
business activities",1317
Bara,"Public administration and
defense",277
Bara,Education,813
Bara,Health and social work,258
Bara,"Other community,
social and personal services
activities",105
Bara,"Total economy including
financial intermediation
service indirectly measured
(total value added)",42797
Bara,"Total economy at basic price
(total value added)",41527
Bara,GDP at market price,45468
Bara,Factor income,42
Bara,GNI,45509
Bara,"Per capita income, Rs. at
market price",66175
Bara,"Per capita income, $",916
Bara,"Per capita income, PPP $",1480
Parsa,Agriculture and Forestry,8897
Parsa,Fishing,154
Parsa,Mining and quarrying,83
Parsa,Manufacturing,4789
Parsa,"Electricity, gas and water",1128
Parsa,Construction,1722
Parsa,Wholesale and retail trade,4789
Parsa,Hotels and restaurants,586
Parsa,"Transport, storage and
communications",3537
Parsa,Financial intermediation,1533
Parsa,"Real estate, renting and
business activities",1594
Parsa,"Public administration and
defense",314
Parsa,Education,856
Parsa,Health and social work,622
Parsa,"Other community,
social and personal services
activities",401
Parsa,"Total economy including
financial intermediation
service indirectly measured
(total value added)",31006
Parsa,"Total economy at basic price
(total value added)",30005
Parsa,GDP at market price,32852
Parsa,Factor income,27
Parsa,GNI,32879
Parsa,"Per capita income, Rs. at
market price",54706
Parsa,"Per capita income, $",757
Parsa,"Per capita income, PPP $",1223
Chitawan,Agriculture and Forestry,11594
Chitawan,Fishing,100
Chitawan,Mining and quarrying,132
Chitawan,Manufacturing,1462
Chitawan,"Electricity, gas and water",609
Chitawan,Construction,2477
Chitawan,Wholesale and retail trade,4574
Chitawan,Hotels and restaurants,467
Chitawan,"Transport, storage and
communications",5931
Chitawan,Financial intermediation,1712
Chitawan,"Real estate, renting and
business activities",4954
Chitawan,"Public administration and
defense",432
Chitawan,Education,1379
Chitawan,Health and social work,1029
Chitawan,"Other community,
social and personal services
activities",546
Chitawan,"Total economy including
financial intermediation
service indirectly measured
(total value added)",37398
Chitawan,"Total economy at basic price
(total value added)",36271
Chitawan,GDP at market price,39713
Chitawan,Factor income,160
Chitawan,GNI,39873
Chitawan,"Per capita income, Rs. at
market price",68748
Chitawan,"Per capita income, $",951
Chitawan,"Per capita income, PPP $",1537
Manang,Agriculture and Forestry,396
Manang,Fishing,0
Manang,Mining and quarrying,17
Manang,Manufacturing,12
Manang,"Electricity, gas and water",0
Manang,Construction,103
Manang,Wholesale and retail trade,28
Manang,Hotels and restaurants,149
Manang,"Transport, storage and
communications",16
Manang,Financial intermediation,8
Manang,"Real estate, renting and
business activities",28
Manang,"Public administration and
defense",62
Manang,Education,3
Manang,Health and social work,6
Manang,"Other community,
social and personal services
activities",45
Manang,"Total economy including
financial intermediation
service indirectly measured
(total value added)",874
Manang,"Total economy at basic price
(total value added)",845
Manang,GDP at market price,925
Manang,Factor income,1
Manang,GNI,926
Manang,"Per capita income, Rs. at
market price",141588
Manang,"Per capita income, $",1959
Manang,"Per capita income, PPP $",3166
Mustang,Agriculture and Forestry,559
Mustang,Fishing,0
Mustang,Mining and quarrying,18
Mustang,Manufacturing,22
Mustang,"Electricity, gas and water",0
Mustang,Construction,129
Mustang,Wholesale and retail trade,61
Mustang,Hotels and restaurants,40
Mustang,"Transport, storage and
communications",316
Mustang,Financial intermediation,37
Mustang,"Real estate, renting and
business activities",36
Mustang,"Public administration and
defense",86
Mustang,Education,15
Mustang,Health and social work,14
Mustang,"Other community,
social and personal services
activities",55
Mustang,"Total economy including
financial intermediation
service indirectly measured
(total value added)",1389
Mustang,"Total economy at basic price
(total value added)",1055
Mustang,GDP at market price,1155
Mustang,Factor income,1
Mustang,GNI,1156
Mustang,"Per capita income, Rs. at
market price",85957
Mustang,"Per capita income, $",1189
Mustang,"Per capita income, PPP $",1922
Gorkha,Agriculture and Forestry,5392
Gorkha,Fishing,2
Gorkha,Mining and quarrying,83
Gorkha,Manufacturing,349
Gorkha,"Electricity, gas and water",93
Gorkha,Construction,1060
Gorkha,Wholesale and retail trade,1359
Gorkha,Hotels and restaurants,156
Gorkha,"Transport, storage and
communications",1305
Gorkha,Financial intermediation,376
Gorkha,"Real estate, renting and
business activities",695
Gorkha,"Public administration and
defense",230
Gorkha,Education,398
Gorkha,Health and social work,183
Gorkha,"Other community,
social and personal services
activities",119
Gorkha,"Total economy including
financial intermediation
service indirectly measured
(total value added)",11801
Gorkha,"Total economy at basic price
(total value added)",11420
Gorkha,GDP at market price,12503
Gorkha,Factor income,98
Gorkha,GNI,12601
Gorkha,"Per capita income, Rs. at
market price",46488
Gorkha,"Per capita income, $",643
Gorkha,"Per capita income, PPP $",1039
Lamjung,Agriculture and Forestry,4418
Lamjung,Fishing,1
Lamjung,Mining and quarrying,40
Lamjung,Manufacturing,196
Lamjung,"Electricity, gas and water",94
Lamjung,Construction,606
Lamjung,Wholesale and retail trade,839
Lamjung,Hotels and restaurants,85
Lamjung,"Transport, storage and
communications",407
Lamjung,Financial intermediation,235
Lamjung,"Real estate, renting and
business activities",666
Lamjung,"Public administration and
defense",173
Lamjung,Education,355
Lamjung,Health and social work,117
Lamjung,"Other community,
social and personal services
activities",96
Lamjung,"Total economy including
financial intermediation
service indirectly measured
(total value added)",8327
Lamjung,"Total economy at basic price
(total value added)",8058
Lamjung,GDP at market price,8823
Lamjung,Factor income,75
Lamjung,GNI,8898
Lamjung,"Per capita income, Rs. at
market price",53050
Lamjung,"Per capita income, $",734
Lamjung,"Per capita income, PPP $",1186
Tanahu,Agriculture and Forestry,7153
Tanahu,Fishing,4
Tanahu,Mining and quarrying,67
Tanahu,Manufacturing,327
Tanahu,"Electricity, gas and water",205
Tanahu,Construction,1084
Tanahu,Wholesale and retail trade,1674
Tanahu,Hotels and restaurants,141
Tanahu,"Transport, storage and
communications",1518
Tanahu,Financial intermediation,397
Tanahu,"Real estate, renting and
business activities",628
Tanahu,"Public administration and
defense",276
Tanahu,Education,697
Tanahu,Health and social work,178
Tanahu,"Other community,
social and personal services
activities",124
Tanahu,"Total economy including
financial intermediation
service indirectly measured
(total value added)",14474
Tanahu,"Total economy at basic price
(total value added)",14006
Tanahu,GDP at market price,15336
Tanahu,Factor income,158
Tanahu,GNI,15494
Tanahu,"Per capita income, Rs. at
market price",47925
Tanahu,"Per capita income, $",663
Tanahu,"Per capita income, PPP $",1072
Syangja,Agriculture and Forestry,8245
Syangja,Fishing,2
Syangja,Mining and quarrying,48
Syangja,Manufacturing,260
Syangja,"Electricity, gas and water",89
Syangja,Construction,897
Syangja,Wholesale and retail trade,1409
Syangja,Hotels and restaurants,122
Syangja,"Transport, storage and
communications",1297
Syangja,Financial intermediation,248
Syangja,"Real estate, renting and
business activities",724
Syangja,"Public administration and
defense",217
Syangja,Education,688
Syangja,Health and social work,143
Syangja,"Other community,
social and personal services
activities",265
Syangja,"Total economy including
financial intermediation
service indirectly measured
(total value added)",14653
Syangja,"Total economy at basic price
(total value added)",14180
Syangja,GDP at market price,15526
Syangja,Factor income,185
Syangja,GNI,15710
Syangja,"Per capita income, Rs. at
market price",54333
Syangja,"Per capita income, $",752
Syangja,"Per capita income, PPP $",1215
Kaski,Agriculture and Forestry,7175
Kaski,Fishing,9
Kaski,Mining and quarrying,133
Kaski,Manufacturing,1444
Kaski,"Electricity, gas and water",624
Kaski,Construction,1876
Kaski,Wholesale and retail trade,3687
Kaski,Hotels and restaurants,1089
Kaski,"Transport, storage and
communications",3723
Kaski,Financial intermediation,2197
Kaski,"Real estate, renting and
business activities",4262
Kaski,"Public administration and
defense",508
Kaski,Education,3865
Kaski,Health and social work,836
Kaski,"Other community,
social and personal services
activities",253
Kaski,"Total economy including
financial intermediation
service indirectly measured
(total value added)",31683
Kaski,"Total economy at basic price
(total value added)",31245
Kaski,GDP at market price,34210
Kaski,Factor income,141
Kaski,GNI,34351
Kaski,"Per capita income, Rs. at
market price",69805
Kaski,"Per capita income, $",966
Kaski,"Per capita income, PPP $",1561
Myagdi,Agriculture and Forestry,2710
Myagdi,Fishing,0
Myagdi,Mining and quarrying,15
Myagdi,Manufacturing,91
Myagdi,"Electricity, gas and water",35
Myagdi,Construction,340
Myagdi,Wholesale and retail trade,574
Myagdi,Hotels and restaurants,90
Myagdi,"Transport, storage and
communications",81
Myagdi,Financial intermediation,84
Myagdi,"Real estate, renting and
business activities",399
Myagdi,"Public administration and
defense",130
Myagdi,Education,205
Myagdi,Health and social work,73
Myagdi,"Other community,
social and personal services
activities",53
Myagdi,"Total economy including
financial intermediation
service indirectly measured
(total value added)",4879
Myagdi,"Total economy at basic price
(total value added)",4722
Myagdi,GDP at market price,5170
Myagdi,Factor income,56
Myagdi,GNI,5226
Myagdi,"Per capita income, Rs. at
market price",45986
Myagdi,"Per capita income, $",636
Myagdi,"Per capita income, PPP $",1028
Parbat,Agriculture and Forestry,3128
Parbat,Fishing,1
Parbat,Mining and quarrying,45
Parbat,Manufacturing,156
Parbat,"Electricity, gas and water",46
Parbat,Construction,573
Parbat,Wholesale and retail trade,734
Parbat,Hotels and restaurants,68
Parbat,"Transport, storage and
communications",143
Parbat,Financial intermediation,130
Parbat,"Real estate, renting and
business activities",546
Parbat,"Public administration and
defense",188
Parbat,Education,254
Parbat,Health and social work,95
Parbat,"Other community,
social and personal services
activities",98
Parbat,"Total economy including
financial intermediation
service indirectly measured
(total value added)",6205
Parbat,"Total economy at basic price
(total value added)",6004
Parbat,GDP at market price,6574
Parbat,Factor income,65
Parbat,GNI,6639
Parbat,"Per capita income, Rs. at
market price",45289
Parbat,"Per capita income, $",627
Parbat,"Per capita income, PPP $",1013
Baglung,Agriculture and Forestry,4762
Baglung,Fishing,0
Baglung,Mining and quarrying,65
Baglung,Manufacturing,183
Baglung,"Electricity, gas and water",80
Baglung,Construction,916
Baglung,Wholesale and retail trade,1241
Baglung,Hotels and restaurants,105
Baglung,"Transport, storage and
communications",280
Baglung,Financial intermediation,421
Baglung,"Real estate, renting and
business activities",640
Baglung,"Public administration and
defense",230
Baglung,Education,542
Baglung,Health and social work,133
Baglung,"Other community,
social and personal services
activities",114
Baglung,"Total economy including
financial intermediation
service indirectly measured
(total value added)",9711
Baglung,"Total economy at basic price
(total value added)",9397
Baglung,GDP at market price,10289
Baglung,Factor income,138
Baglung,GNI,10427
Baglung,"Per capita income, Rs. at
market price",38819
Baglung,"Per capita income, $",537
Baglung,"Per capita income, PPP $",868
Gulmi,Agriculture and Forestry,3696
Gulmi,Fishing,1
Gulmi,Mining and quarrying,46
Gulmi,Manufacturing,200
Gulmi,"Electricity, gas and water",54
Gulmi,Construction,850
Gulmi,Wholesale and retail trade,1309
Gulmi,Hotels and restaurants,136
Gulmi,"Transport, storage and
communications",631
Gulmi,Financial intermediation,216
Gulmi,"Real estate, renting and
business activities",595
Gulmi,"Public administration and
defense",192
Gulmi,Education,491
Gulmi,Health and social work,178
Gulmi,"Other community,
social and personal services
activities",103
Gulmi,"Total economy including
financial intermediation
service indirectly measured
(total value added)",8699
Gulmi,"Total economy at basic price
(total value added)",8418
Gulmi,GDP at market price,9217
Gulmi,Factor income,203
Gulmi,GNI,9420
Gulmi,"Per capita income, Rs. at
market price",33625
Gulmi,"Per capita income, $",465
Gulmi,"Per capita income, PPP $",752
Palpa,Agriculture and Forestry,4994
Palpa,Fishing,2
Palpa,Mining and quarrying,62
Palpa,Manufacturing,225
Palpa,"Electricity, gas and water",102
Palpa,Construction,883
Palpa,Wholesale and retail trade,1202
Palpa,Hotels and restaurants,104
Palpa,"Transport, storage and
communications",848
Palpa,Financial intermediation,236
Palpa,"Real estate, renting and
business activities",823
Palpa,"Public administration and
defense",112
Palpa,Education,570
Palpa,Health and social work,207
Palpa,"Other community,
social and personal services
activities",350
Palpa,"Total economy including
financial intermediation
service indirectly measured
(total value added)",10720
Palpa,"Total economy at basic price
(total value added)",10374
Palpa,GDP at market price,11358
Palpa,Factor income,142
Palpa,GNI,11500
Palpa,"Per capita income, Rs. at
market price",44031
Palpa,"Per capita income, $",609
Palpa,"Per capita income, PPP $",985
Arghakhanchi,Agriculture and Forestry,4121
Arghakhanchi,Fishing,1
Arghakhanchi,Mining and quarrying,29
Arghakhanchi,Manufacturing,121
Arghakhanchi,"Electricity, gas and water",36
Arghakhanchi,Construction,339
Arghakhanchi,Wholesale and retail trade,946
Arghakhanchi,Hotels and restaurants,84
Arghakhanchi,"Transport, storage and
communications",556
Arghakhanchi,Financial intermediation,221
Arghakhanchi,"Real estate, renting and
business activities",362
Arghakhanchi,"Public administration and
defense",165
Arghakhanchi,Education,307
Arghakhanchi,Health and social work,61
Arghakhanchi,"Other community,
social and personal services
activities",88
Arghakhanchi,"Total economy including
financial intermediation
service indirectly measured
(total value added)",7438
Arghakhanchi,"Total economy at basic price
(total value added)",7198
Arghakhanchi,GDP at market price,7881
Arghakhanchi,Factor income,150
Arghakhanchi,GNI,8031
Arghakhanchi,"Per capita income, Rs. at
market price",40635
Arghakhanchi,"Per capita income, $",562
Arghakhanchi,"Per capita income, PPP $",909
Nawalparasi,Agriculture and Forestry,12209
Nawalparasi,Fishing,163
Nawalparasi,Mining and quarrying,44
Nawalparasi,Manufacturing,6112
Nawalparasi,"Electricity, gas and water",485
Nawalparasi,Construction,1431
Nawalparasi,Wholesale and retail trade,4149
Nawalparasi,Hotels and restaurants,452
Nawalparasi,"Transport, storage and
communications",2085
Nawalparasi,Financial intermediation,521
Nawalparasi,"Real estate, renting and
business activities",1573
Nawalparasi,"Public administration and
defense",330
Nawalparasi,Education,1351
Nawalparasi,Health and social work,137
Nawalparasi,"Other community,
social and personal services
activities",103
Nawalparasi,"Total economy including
financial intermediation
service indirectly measured
(total value added)",31146
Nawalparasi,"Total economy at basic price
(total value added)",30140
Nawalparasi,GDP at market price,33000
Nawalparasi,Factor income,296
Nawalparasi,GNI,33296
Nawalparasi,"Per capita income, Rs. at
market price",51742
Nawalparasi,"Per capita income, $",716
Nawalparasi,"Per capita income, PPP $",1157
Rupandehi,Agriculture and Forestry,14003
Rupandehi,Fishing,505
Rupandehi,Mining and quarrying,151
Rupandehi,Manufacturing,3421
Rupandehi,"Electricity, gas and water",1267
Rupandehi,Construction,2325
Rupandehi,Wholesale and retail trade,6424
Rupandehi,Hotels and restaurants,816
Rupandehi,"Transport, storage and
communications",3039
Rupandehi,Financial intermediation,2692
Rupandehi,"Real estate, renting and
business activities",3872
Rupandehi,"Public administration and
defense",445
Rupandehi,Education,1875
Rupandehi,Health and social work,296
Rupandehi,"Other community,
social and personal services
activities",154
Rupandehi,"Total economy including
financial intermediation
service indirectly measured
(total value added)",41283
Rupandehi,"Total economy at basic price
(total value added)",40139
Rupandehi,GDP at market price,43948
Rupandehi,Factor income,247
Rupandehi,GNI,44195
Rupandehi,"Per capita income, Rs. at
market price",50210
Rupandehi,"Per capita income, $",695
Rupandehi,"Per capita income, PPP $",1123
Kapilbastu,Agriculture and Forestry,12677
Kapilbastu,Fishing,208
Kapilbastu,Mining and quarrying,63
Kapilbastu,Manufacturing,901
Kapilbastu,"Electricity, gas and water",228
Kapilbastu,Construction,1183
Kapilbastu,Wholesale and retail trade,3258
Kapilbastu,Hotels and restaurants,356
Kapilbastu,"Transport, storage and
communications",1832
Kapilbastu,Financial intermediation,345
Kapilbastu,"Real estate, renting and
business activities",1115
Kapilbastu,"Public administration and
defense",262
Kapilbastu,Education,634
Kapilbastu,Health and social work,200
Kapilbastu,"Other community,
social and personal services
activities",507
Kapilbastu,"Total economy including
financial intermediation
service indirectly measured
(total value added)",23770
Kapilbastu,"Total economy at basic price
(total value added)",23003
Kapilbastu,GDP at market price,25186
Kapilbastu,Factor income,141
Kapilbastu,GNI,25327
Kapilbastu,"Per capita income, Rs. at
market price",44283
Kapilbastu,"Per capita income, $",613
Kapilbastu,"Per capita income, PPP $",990
Dolpa,Agriculture and Forestry,757
Dolpa,Fishing,0
Dolpa,Mining and quarrying,25
Dolpa,Manufacturing,47
Dolpa,"Electricity, gas and water",2
Dolpa,Construction,185
Dolpa,Wholesale and retail trade,137
Dolpa,Hotels and restaurants,19
Dolpa,"Transport, storage and
communications",37
Dolpa,Financial intermediation,20
Dolpa,"Real estate, renting and
business activities",87
Dolpa,"Public administration and
defense",107
Dolpa,Education,29
Dolpa,Health and social work,18
Dolpa,"Other community,
social and personal services
activities",72
Dolpa,"Total economy including
financial intermediation
service indirectly measured
(total value added)",1540
Dolpa,"Total economy at basic price
(total value added)",1558
Dolpa,GDP at market price,1706
Dolpa,Factor income,0
Dolpa,GNI,1707
Dolpa,"Per capita income, Rs. at
market price",46502
Dolpa,"Per capita income, $",643
Dolpa,"Per capita income, PPP $",1040
Jumla,Agriculture and Forestry,2316
Jumla,Fishing,0
Jumla,Mining and quarrying,68
Jumla,Manufacturing,100
Jumla,"Electricity, gas and water",6
Jumla,Construction,491
Jumla,Wholesale and retail trade,359
Jumla,Hotels and restaurants,52
Jumla,"Transport, storage and
communications",202
Jumla,Financial intermediation,148
Jumla,"Real estate, renting and
business activities",409
Jumla,"Public administration and
defense",165
Jumla,Education,116
Jumla,Health and social work,50
Jumla,"Other community,
social and personal services
activities",95
Jumla,"Total economy including
financial intermediation
service indirectly measured
(total value added)",4579
Jumla,"Total economy at basic price
(total value added)",4475
Jumla,GDP at market price,4900
Jumla,Factor income,4
Jumla,GNI,4904
Jumla,"Per capita income, Rs. at
market price",45022
Jumla,"Per capita income, $",623
Jumla,"Per capita income, PPP $",1007
Kalikot,Agriculture and Forestry,1766
Kalikot,Fishing,0
Kalikot,Mining and quarrying,37
Kalikot,Manufacturing,97
Kalikot,"Electricity, gas and water",4
Kalikot,Construction,351
Kalikot,Wholesale and retail trade,422
Kalikot,Hotels and restaurants,58
Kalikot,"Transport, storage and
communications",70
Kalikot,Financial intermediation,15
Kalikot,"Real estate, renting and
business activities",100
Kalikot,"Public administration and
defense",118
Kalikot,Education,152
Kalikot,Health and social work,48
Kalikot,"Other community,
social and personal services
activities",98
Kalikot,"Total economy including
financial intermediation
service indirectly measured
(total value added)",3336
Kalikot,"Total economy at basic price
(total value added)",3228
Kalikot,GDP at market price,3534
Kalikot,Factor income,7
Kalikot,GNI,3541
Kalikot,"Per capita income, Rs. at
market price",25860
Kalikot,"Per capita income, $",358
Kalikot,"Per capita income, PPP $",578
Mugu,Agriculture and Forestry,1017
Mugu,Fishing,0
Mugu,Mining and quarrying,29
Mugu,Manufacturing,47
Mugu,"Electricity, gas and water",2
Mugu,Construction,219
Mugu,Wholesale and retail trade,186
Mugu,Hotels and restaurants,25
Mugu,"Transport, storage and
communications",84
Mugu,Financial intermediation,11
Mugu,"Real estate, renting and
business activities",124
Mugu,"Public administration and
defense",101
Mugu,Education,64
Mugu,Health and social work,31
Mugu,"Other community,
social and personal services
activities",57
Mugu,"Total economy including
financial intermediation
service indirectly measured
(total value added)",1996
Mugu,"Total economy at basic price
(total value added)",1955
Mugu,GDP at market price,2141
Mugu,Factor income,1
Mugu,GNI,2142
Mugu,"Per capita income, Rs. at
market price",38743
Mugu,"Per capita income, $",536
Mugu,"Per capita income, PPP $",866
Humla,Agriculture and Forestry,636
Humla,Fishing,0
Humla,Mining and quarrying,32
Humla,Manufacturing,34
Humla,"Electricity, gas and water",4
Humla,Construction,235
Humla,Wholesale and retail trade,176
Humla,Hotels and restaurants,27
Humla,"Transport, storage and
communications",96
Humla,Financial intermediation,42
Humla,"Real estate, renting and
business activities",83
Humla,"Public administration and
defense",101
Humla,Education,50
Humla,Health and social work,66
Humla,"Other community,
social and personal services
activities",94
Humla,"Total economy including
financial intermediation
service indirectly measured
(total value added)",1675
Humla,"Total economy at basic price
(total value added)",1649
Humla,GDP at market price,1806
Humla,Factor income,1
Humla,GNI,1806
Humla,"Per capita income, Rs. at
market price",35515
Humla,"Per capita income, $",491
Humla,"Per capita income, PPP $",794
Pyuthan,Agriculture and Forestry,3353
Pyuthan,Fishing,0
Pyuthan,Mining and quarrying,37
Pyuthan,Manufacturing,126
Pyuthan,"Electricity, gas and water",27
Pyuthan,Construction,515
Pyuthan,Wholesale and retail trade,967
Pyuthan,Hotels and restaurants,82
Pyuthan,"Transport, storage and
communications",161
Pyuthan,Financial intermediation,74
Pyuthan,"Real estate, renting and
business activities",494
Pyuthan,"Public administration and
defense",159
Pyuthan,Education,191
Pyuthan,Health and social work,112
Pyuthan,"Other community,
social and personal services
activities",102
Pyuthan,"Total economy including
financial intermediation
service indirectly measured
(total value added)",6398
Pyuthan,"Total economy at basic price
(total value added)",6192
Pyuthan,GDP at market price,6779
Pyuthan,Factor income,167
Pyuthan,GNI,6946
Pyuthan,"Per capita income, Rs. at
market price",30452
Pyuthan,"Per capita income, $",421
Pyuthan,"Per capita income, PPP $",681
Rolpa,Agriculture and Forestry,3114
Rolpa,Fishing,0
Rolpa,Mining and quarrying,50
Rolpa,Manufacturing,114
Rolpa,"Electricity, gas and water",17
Rolpa,Construction,558
Rolpa,Wholesale and retail trade,876
Rolpa,Hotels and restaurants,83
Rolpa,"Transport, storage and
communications",136
Rolpa,Financial intermediation,37
Rolpa,"Real estate, renting and
business activities",429
Rolpa,"Public administration and
defense",161
Rolpa,Education,214
Rolpa,Health and social work,98
Rolpa,"Other community,
social and personal services
activities",85
Rolpa,"Total economy including
financial intermediation
service indirectly measured
(total value added)",5972
Rolpa,"Total economy at basic price
(total value added)",5779
Rolpa,GDP at market price,6327
Rolpa,Factor income,131
Rolpa,GNI,6459
Rolpa,"Per capita income, Rs. at
market price",28768
Rolpa,"Per capita income, $",398
Rolpa,"Per capita income, PPP $",643
Rukum,Agriculture and Forestry,3744
Rukum,Fishing,0
Rukum,Mining and quarrying,45
Rukum,Manufacturing,268
Rukum,"Electricity, gas and water",11
Rukum,Construction,522
Rukum,Wholesale and retail trade,833
Rukum,Hotels and restaurants,69
Rukum,"Transport, storage and
communications",126
Rukum,Financial intermediation,57
Rukum,"Real estate, renting and
business activities",472
Rukum,"Public administration and
defense",179
Rukum,Education,241
Rukum,Health and social work,148
Rukum,"Other community,
social and personal services
activities",92
Rukum,"Total economy including
financial intermediation
service indirectly measured
(total value added)",6807
Rukum,"Total economy at basic price
(total value added)",6595
Rukum,GDP at market price,7220
Rukum,Factor income,73
Rukum,GNI,7294
Rukum,"Per capita income, Rs. at
market price",34970
Rukum,"Per capita income, $",484
Rukum,"Per capita income, PPP $",782
Salyan,Agriculture and Forestry,5183
Salyan,Fishing,0
Salyan,Mining and quarrying,29
Salyan,Manufacturing,114
Salyan,"Electricity, gas and water",12
Salyan,Construction,467
Salyan,Wholesale and retail trade,927
Salyan,Hotels and restaurants,78
Salyan,"Transport, storage and
communications",149
Salyan,Financial intermediation,63
Salyan,"Real estate, renting and
business activities",336
Salyan,"Public administration and
defense",156
Salyan,Education,217
Salyan,Health and social work,128
Salyan,"Other community,
social and personal services
activities",102
Salyan,"Total economy including
financial intermediation
service indirectly measured
(total value added)",7961
Salyan,"Total economy at basic price
(total value added)",7704
Salyan,GDP at market price,8435
Salyan,Factor income,82
Salyan,GNI,8517
Salyan,"Per capita income, Rs. at
market price",35131
Salyan,"Per capita income, $",486
Salyan,"Per capita income, PPP $",786
Surkhet,Agriculture and Forestry,6536
Surkhet,Fishing,2
Surkhet,Mining and quarrying,95
Surkhet,Manufacturing,469
Surkhet,"Electricity, gas and water",25
Surkhet,Construction,991
Surkhet,Wholesale and retail trade,1464
Surkhet,Hotels and restaurants,125
Surkhet,"Transport, storage and
communications",551
Surkhet,Financial intermediation,340
Surkhet,"Real estate, renting and
business activities",1537
Surkhet,"Public administration and
defense",468
Surkhet,Education,456
Surkhet,Health and social work,177
Surkhet,"Other community,
social and personal services
activities",115
Surkhet,"Total economy including
financial intermediation
service indirectly measured
(total value added)",13350
Surkhet,"Total economy at basic price
(total value added)",12925
Surkhet,GDP at market price,14151
Surkhet,Factor income,135
Surkhet,GNI,14286
Surkhet,"Per capita income, Rs. at
market price",40724
Surkhet,"Per capita income, $",563
Surkhet,"Per capita income, PPP $",911
Dailekh,Agriculture and Forestry,4223
Dailekh,Fishing,0
Dailekh,Mining and quarrying,38
Dailekh,Manufacturing,130
Dailekh,"Electricity, gas and water",10
Dailekh,Construction,531
Dailekh,Wholesale and retail trade,990
Dailekh,Hotels and restaurants,93
Dailekh,"Transport, storage and
communications",358
Dailekh,Financial intermediation,17
Dailekh,"Real estate, renting and
business activities",431
Dailekh,"Public administration and
defense",170
Dailekh,Education,288
Dailekh,Health and social work,139
Dailekh,"Other community,
social and personal services
activities",94
Dailekh,"Total economy including
financial intermediation
service indirectly measured
(total value added)",7509
Dailekh,"Total economy at basic price
(total value added)",7267
Dailekh,GDP at market price,7956
Dailekh,Factor income,56
Dailekh,GNI,8012
Dailekh,"Per capita income, Rs. at
market price",30609
Dailekh,"Per capita income, $",424
Dailekh,"Per capita income, PPP $",684
Jajarkot,Agriculture and Forestry,2305
Jajarkot,Fishing,0
Jajarkot,Mining and quarrying,30
Jajarkot,Manufacturing,101
Jajarkot,"Electricity, gas and water",2
Jajarkot,Construction,363
Jajarkot,Wholesale and retail trade,605
Jajarkot,Hotels and restaurants,53
Jajarkot,"Transport, storage and
communications",111
Jajarkot,Financial intermediation,101
Jajarkot,"Real estate, renting and
business activities",169
Jajarkot,"Public administration and
defense",150
Jajarkot,Education,219
Jajarkot,Health and social work,90
Jajarkot,"Other community,
social and personal services
activities",99
Jajarkot,"Total economy including
financial intermediation
service indirectly measured
(total value added)",4397
Jajarkot,"Total economy at basic price
(total value added)",4255
Jajarkot,GDP at market price,4659
Jajarkot,Factor income,23
Jajarkot,GNI,4682
Jajarkot,"Per capita income, Rs. at
market price",27330
Jajarkot,"Per capita income, $",378
Jajarkot,"Per capita income, PPP $",611
Dang,Agriculture and Forestry,12914
Dang,Fishing,62
Dang,Mining and quarrying,135
Dang,Manufacturing,409
Dang,"Electricity, gas and water",212
Dang,Construction,1499
Dang,Wholesale and retail trade,3832
Dang,Hotels and restaurants,406
Dang,"Transport, storage and
communications",696
Dang,Financial intermediation,927
Dang,"Real estate, renting and
business activities",3099
Dang,"Public administration and
defense",353
Dang,Education,1151
Dang,Health and social work,238
Dang,"Other community,
social and personal services
activities",146
Dang,"Total economy including
financial intermediation
service indirectly measured
(total value added)",26079
Dang,"Total economy at basic price
(total value added)",25240
Dang,GDP at market price,27635
Dang,Factor income,223
Dang,GNI,27858
Dang,"Per capita income, Rs. at
market price",50415
Dang,"Per capita income, $",698
Dang,"Per capita income, PPP $",1127
Banke,Agriculture and Forestry,9208
Banke,Fishing,127
Banke,Mining and quarrying,89
Banke,Manufacturing,934
Banke,"Electricity, gas and water",386
Banke,Construction,1109
Banke,Wholesale and retail trade,3549
Banke,Hotels and restaurants,359
Banke,"Transport, storage and
communications",1389
Banke,Financial intermediation,1291
Banke,"Real estate, renting and
business activities",2118
Banke,"Public administration and
defense",403
Banke,Education,1057
Banke,Health and social work,908
Banke,"Other community,
social and personal services
activities",215
Banke,"Total economy including
financial intermediation
service indirectly measured
(total value added)",23141
Banke,"Total economy at basic price
(total value added)",22620
Banke,GDP at market price,24766
Banke,Factor income,123
Banke,GNI,24889
Banke,"Per capita income, Rs. at
market price",50659
Banke,"Per capita income, $",701
Banke,"Per capita income, PPP $",1133
Bardiya,Agriculture and Forestry,11472
Bardiya,Fishing,192
Bardiya,Mining and quarrying,67
Bardiya,Manufacturing,302
Bardiya,"Electricity, gas and water",133
Bardiya,Construction,916
Bardiya,Wholesale and retail trade,2612
Bardiya,Hotels and restaurants,304
Bardiya,"Transport, storage and
communications",587
Bardiya,Financial intermediation,116
Bardiya,"Real estate, renting and
business activities",1397
Bardiya,"Public administration and
defense",239
Bardiya,Education,773
Bardiya,Health and social work,197
Bardiya,"Other community,
social and personal services
activities",107
Bardiya,"Total economy including
financial intermediation
service indirectly measured
(total value added)",19414
Bardiya,"Total economy at basic price
(total value added)",18787
Bardiya,GDP at market price,20570
Bardiya,Factor income,146
Bardiya,GNI,20716
Bardiya,"Per capita income, Rs. at
market price",48564
Bardiya,"Per capita income, $",672
Bardiya,"Per capita income, PPP $",1086
Bajura,Agriculture and Forestry,1552
Bajura,Fishing,0
Bajura,Mining and quarrying,22
Bajura,Manufacturing,89
Bajura,"Electricity, gas and water",5
Bajura,Construction,209
Bajura,Wholesale and retail trade,474
Bajura,Hotels and restaurants,65
Bajura,"Transport, storage and
communications",43
Bajura,Financial intermediation,12
Bajura,"Real estate, renting and
business activities",47
Bajura,"Public administration and
defense",120
Bajura,Education,152
Bajura,Health and social work,62
Bajura,"Other community,
social and personal services
activities",94
Bajura,"Total economy including
financial intermediation
service indirectly measured
(total value added)",2947
Bajura,"Total economy at basic price
(total value added)",2851
Bajura,GDP at market price,3122
Bajura,Factor income,36
Bajura,GNI,3158
Bajura,"Per capita income, Rs. at
market price",23405
Bajura,"Per capita income, $",324
Bajura,"Per capita income, PPP $",523
Bajhang,Agriculture and Forestry,2031
Bajhang,Fishing,0
Bajhang,Mining and quarrying,24
Bajhang,Manufacturing,108
Bajhang,"Electricity, gas and water",6
Bajhang,Construction,249
Bajhang,Wholesale and retail trade,621
Bajhang,Hotels and restaurants,74
Bajhang,"Transport, storage and
communications",79
Bajhang,Financial intermediation,17
Bajhang,"Real estate, renting and
business activities",188
Bajhang,"Public administration and
defense",171
Bajhang,Education,214
Bajhang,Health and social work,68
Bajhang,"Other community,
social and personal services
activities",92
Bajhang,"Total economy including
financial intermediation
service indirectly measured
(total value added)",3944
Bajhang,"Total economy at basic price
(total value added)",3817
Bajhang,GDP at market price,4179
Bajhang,Factor income,70
Bajhang,GNI,4249
Bajhang,"Per capita income, Rs. at
market price",21772
Bajhang,"Per capita income, $",301
Bajhang,"Per capita income, PPP $",487
Darchula,Agriculture and Forestry,1770
Darchula,Fishing,0
Darchula,Mining and quarrying,44
Darchula,Manufacturing,79
Darchula,"Electricity, gas and water",3
Darchula,Construction,321
Darchula,Wholesale and retail trade,458
Darchula,Hotels and restaurants,55
Darchula,"Transport, storage and
communications",66
Darchula,Financial intermediation,20
Darchula,"Real estate, renting and
business activities",198
Darchula,"Public administration and
defense",160
Darchula,Education,163
Darchula,Health and social work,81
Darchula,"Other community,
social and personal services
activities",94
Darchula,"Total economy including
financial intermediation
service indirectly measured
(total value added)",3511
Darchula,"Total economy at basic price
(total value added)",3397
Darchula,GDP at market price,3720
Darchula,Factor income,18
Darchula,GNI,3737
Darchula,"Per capita income, Rs. at
market price",28042
Darchula,"Per capita income, $",388
Darchula,"Per capita income, PPP $",627
Achham,Agriculture and Forestry,2923
Achham,Fishing,0
Achham,Mining and quarrying,51
Achham,Manufacturing,140
Achham,"Electricity, gas and water",5
Achham,Construction,445
Achham,Wholesale and retail trade,965
Achham,Hotels and restaurants,83
Achham,"Transport, storage and
communications",156
Achham,Financial intermediation,127
Achham,"Real estate, renting and
business activities",77
Achham,"Public administration and
defense",190
Achham,Education,349
Achham,Health and social work,111
Achham,"Other community,
social and personal services
activities",75
Achham,"Total economy including
financial intermediation
service indirectly measured
(total value added)",5698
Achham,"Total economy at basic price
(total value added)",5514
Achham,GDP at market price,6037
Achham,Factor income,138
Achham,GNI,6175
Achham,"Per capita income, Rs. at
market price",23984
Achham,"Per capita income, $",332
Achham,"Per capita income, PPP $",536
Doti,Agriculture and Forestry,3900
Doti,Fishing,0
Doti,Mining and quarrying,58
Doti,Manufacturing,106
Doti,"Electricity, gas and water",11
Doti,Construction,457
Doti,Wholesale and retail trade,840
Doti,Hotels and restaurants,84
Doti,"Transport, storage and
communications",162
Doti,Financial intermediation,71
Doti,"Real estate, renting and
business activities",452
Doti,"Public administration and
defense",279
Doti,Education,221
Doti,Health and social work,74
Doti,"Other community,
social and personal services
activities",93
Doti,"Total economy including
financial intermediation
service indirectly measured
(total value added)",6809
Doti,"Total economy at basic price
(total value added)",6591
Doti,GDP at market price,7216
Doti,Factor income,109
Doti,GNI,7325
Doti,"Per capita income, Rs. at
market price",34595
Doti,"Per capita income, $",479
Doti,"Per capita income, PPP $",774
Dadeldhura,Agriculture and Forestry,2329
Dadeldhura,Fishing,0
Dadeldhura,Mining and quarrying,55
Dadeldhura,Manufacturing,67
Dadeldhura,"Electricity, gas and water",19
Dadeldhura,Construction,390
Dadeldhura,Wholesale and retail trade,541
Dadeldhura,Hotels and restaurants,46
Dadeldhura,"Transport, storage and
communications",92
Dadeldhura,Financial intermediation,138
Dadeldhura,"Real estate, renting and
business activities",335
Dadeldhura,"Public administration and
defense",141
Dadeldhura,Education,191
Dadeldhura,Health and social work,96
Dadeldhura,"Other community,
social and personal services
activities",98
Dadeldhura,"Total economy including
financial intermediation
service indirectly measured
(total value added)",4539
Dadeldhura,"Total economy at basic price
(total value added)",4392
Dadeldhura,GDP at market price,4809
Dadeldhura,Factor income,45
Dadeldhura,GNI,4855
Dadeldhura,"Per capita income, Rs. at
market price",34164
Dadeldhura,"Per capita income, $",473
Dadeldhura,"Per capita income, PPP $",764
Baitadi,Agriculture and Forestry,3127
Baitadi,Fishing,0
Baitadi,Mining and quarrying,85
Baitadi,Manufacturing,108
Baitadi,"Electricity, gas and water",10
Baitadi,Construction,616
Baitadi,Wholesale and retail trade,900
Baitadi,Hotels and restaurants,77
Baitadi,"Transport, storage and
communications",159
Baitadi,Financial intermediation,37
Baitadi,"Real estate, renting and
business activities",244
Baitadi,"Public administration and
defense",168
Baitadi,Education,302
Baitadi,Health and social work,88
Baitadi,"Other community,
social and personal services
activities",94
Baitadi,"Total economy including
financial intermediation
service indirectly measured
(total value added)",6016
Baitadi,"Total economy at basic price
(total value added)",5821
Baitadi,GDP at market price,6374
Baitadi,Factor income,53
Baitadi,GNI,6426
Baitadi,"Per capita income, Rs. at
market price",25613
Baitadi,"Per capita income, $",354
Baitadi,"Per capita income, PPP $",573
Kailali,Agriculture and Forestry,15361
Kailali,Fishing,87
Kailali,Mining and quarrying,98
Kailali,Manufacturing,742
Kailali,"Electricity, gas and water",332
Kailali,Construction,1040
Kailali,Wholesale and retail trade,4996
Kailali,Hotels and restaurants,506
Kailali,"Transport, storage and
communications",1202
Kailali,Financial intermediation,1069
Kailali,"Real estate, renting and
business activities",2604
Kailali,"Public administration and
defense",461
Kailali,Education,1220
Kailali,Health and social work,542
Kailali,"Other community,
social and personal services
activities",235
Kailali,"Total economy including
financial intermediation
service indirectly measured
(total value added)",30495
Kailali,"Total economy at basic price
(total value added)",29570
Kailali,GDP at market price,32376
Kailali,Factor income,287
Kailali,GNI,32663
Kailali,"Per capita income, Rs. at
market price",42107
Kailali,"Per capita income, $",583
Kailali,"Per capita income, PPP $",942
Kanchanpur,Agriculture and Forestry,9225
Kanchanpur,Fishing,54
Kanchanpur,Mining and quarrying,94
Kanchanpur,Manufacturing,455
Kanchanpur,"Electricity, gas and water",205
Kanchanpur,Construction,798
Kanchanpur,Wholesale and retail trade,2779
Kanchanpur,Hotels and restaurants,297
Kanchanpur,"Transport, storage and
communications",364
Kanchanpur,Financial intermediation,387
Kanchanpur,"Real estate, renting and
business activities",1548
Kanchanpur,"Public administration and
defense",299
Kanchanpur,Education,826
Kanchanpur,Health and social work,266
Kanchanpur,"Other community,
social and personal services
activities",115
Kanchanpur,"Total economy including
financial intermediation
service indirectly measured
(total value added)",17713
Kanchanpur,"Total economy at basic price
(total value added)",17141
Kanchanpur,GDP at market price,18767
Kanchanpur,Factor income,164
Kanchanpur,GNI,18931
Kanchanpur,"Per capita income, Rs. at
market price",41953
Kanchanpur,"Per capita income, $",580
Kanchanpur,"Per capita income, PPP $",938
